Concept,Unnamed: 1,Unnamed: 2,Unnamed: 3,Unnamed: 4,Unnamed: 5,Unnamed: 6,Unnamed: 7,Unnamed: 8,Unnamed: 9,Unnamed: 10,2020-12-31,2020-12-31 - Accumulated other comprehensive income [member],2020-12-31 - Brand names [member],"2020-12-31 - Brand names [member], Internally generated [member]",2020-12-31 - Buildings [member],2020-12-31 - Business combinations [member],"2020-12-31 - Business combinations [member], Gross carrying amount [member]",2020-12-31 - Computer equipment [member],2020-12-31 - Computer software [member],"2020-12-31 - Computer software [member], Internally generated [member]",2020-12-31 - Construction in progress [member],"2020-12-31 - Copyrights, patents and other industrial property rights, service and operating rights [member]","2020-12-31 - Copyrights, patents and other industrial property rights, service and operating rights [member], Internally generated [member]",2020-12-31 - Equity attributable to owners of parent [member],2020-12-31 - Fixtures and fittings [member],2020-12-31 - Gross carrying amount [member],"2020-12-31 - Gross carrying amount [member], Brand names [member]","2020-12-31 - Gross carrying amount [member], Brand names [member], Internally generated [member]","2020-12-31 - Gross carrying amount [member], Buildings [member]","2020-12-31 - Gross carrying amount [member], Computer equipment [member]","2020-12-31 - Gross carrying amount [member], Computer software [member]","2020-12-31 - Gross carrying amount [member], Computer software [member], Internally generated [member]","2020-12-31 - Gross carrying amount [member], Construction in progress [member]","2020-12-31 - Gross carrying amount [member], Copyrights, patents and other industrial property rights, service and operating rights [member]","2020-12-31 - Gross carrying amount [member], Copyrights, patents and other industrial property rights, service and operating rights [member], Internally generated [member]","2020-12-31 - Gross carrying amount [member], Fixtures and fittings [member]","2020-12-31 - Gross carrying amount [member], Internally generated [member]","2020-12-31 - Gross carrying amount [member], Land [member]","2020-12-31 - Gross carrying amount [member], Land and buildings [member]","2020-12-31 - Gross carrying amount [member], Machinery [member]","2020-12-31 - Gross carrying amount [member], Motor vehicles [member]","2020-12-31 - Gross carrying amount [member], Other intangible assets [member]","2020-12-31 - Gross carrying amount [member], Other intangible assets [member], Internally generated [member]","2020-12-31 - Gross carrying amount [member], Other property, plant and equipment [member]","2020-12-31 - Gross carrying amount [member], Service concession rights [member]","2020-12-31 - Gross carrying amount [member], Service concession rights [member], Internally generated [member]","2020-12-31 - Gross carrying amount [member], Vehicles [member]",2020-12-31 - Internally generated [member],2020-12-31 - Issued capital [member],2020-12-31 - Land [member],2020-12-31 - Land and buildings [member],2020-12-31 - Machinery [member],2020-12-31 - Miscellaneous other provisions [member],2020-12-31 - Motor vehicles [member],2020-12-31 - Non-controlling interests [member],2020-12-31 - Ordinary shares [member],2020-12-31 - Other intangible assets [member],"2020-12-31 - Other intangible assets [member], Internally generated [member]","2020-12-31 - Other property, plant and equipment [member]",2020-12-31 - Other reserves [member],2020-12-31 - Other various reserves [member],2020-12-31 - Profit (loss) accumulated [member],2020-12-31 - Reserve of cash flow hedges [member],2020-12-31 - Reserve of exchange differences on translation [member],2020-12-31 - Service concession rights [member],"2020-12-31 - Service concession rights [member], Internally generated [member]",2020-12-31 - Share premium [member],2020-12-31 - Vehicles [member],2020-12-31 - tx:Plusvalia_1,"2020-12-31 - tx:Plusvalia_1, Gross carrying amount [member]",2021-06-30,2021-06-30 - Accumulated other comprehensive income [member],2021-06-30 - Country of domicile [member],2021-06-30 - Discontinued operations [member],2021-06-30 - Elimination of intersegment amounts [member],2021-06-30 - Equity attributable to owners of parent [member],2021-06-30 - Material reconciling items [member],2021-06-30 - Non-controlling interests [member],2021-06-30 - Operating segments [member],2021-06-30 - Other reserves [member],2021-06-30 - Profit (loss) accumulated [member],2021-06-30 - Reportable segments [member],2021-06-30 - Reserve of cash flow hedges [member],2021-06-30 - Reserve of exchange differences on translation [member],2021-06-30 - tx:Cliente_1,2021-06-30 - tx:Producto_1,2021-06-30 - tx:Producto_2,2021-06-30 - tx:Producto_3,2021-06-30 - tx:Producto_4,2021-06-30 - tx:Segmento_1,2021-06-30 - tx:Segmento_2,2021-06-30 - tx:Segmento_3,2021-06-30 - tx:Segmento_4,2021-12-31,2021-12-31 - Accumulated other comprehensive income [member],2021-12-31 - Assets before provisions [member],2021-12-31 - Associates [member],2021-12-31 - Brand names [member],"2021-12-31 - Brand names [member], Internally generated [member]",2021-12-31 - Buildings [member],2021-12-31 - Business combinations [member],"2021-12-31 - Business combinations [member], Gross carrying amount [member]",2021-12-31 - Computer equipment [member],2021-12-31 - Computer software [member],"2021-12-31 - Computer software [member], Internally generated [member]",2021-12-31 - Construction in progress [member],"2021-12-31 - Copyrights, patents and other industrial property rights, service and operating rights [member]","2021-12-31 - Copyrights, patents and other industrial property rights, service and operating rights [member], Internally generated [member]",2021-12-31 - Elimination of intersegment amounts [member],2021-12-31 - Entity's total for subsidiaries [member],2021-12-31 - Equity attributable to owners of parent [member],2021-12-31 - Fixtures and fittings [member],2021-12-31 - Goods [member],2021-12-31 - Gross carrying amount [member],"2021-12-31 - Gross carrying amount [member], Brand names [member]","2021-12-31 - Gross carrying amount [member], Brand names [member], Internally generated [member]","2021-12-31 - Gross carrying amount [member], Buildings [member]","2021-12-31 - Gross carrying amount [member], Computer equipment [member]","2021-12-31 - Gross carrying amount [member], Computer software [member]","2021-12-31 - Gross carrying amount [member], Computer software [member], Internally generated [member]","2021-12-31 - Gross carrying amount [member], Construction in progress [member]","2021-12-31 - Gross carrying amount [member], Copyrights, patents and other industrial property rights, service and operating rights [member]","2021-12-31 - Gross carrying amount [member], Copyrights, patents and other industrial property rights, service and operating rights [member], Internally generated [member]","2021-12-31 - Gross carrying amount [member], Fixtures and fittings [member]","2021-12-31 - Gross carrying amount [member], Internally generated [member]","2021-12-31 - Gross carrying amount [member], Land [member]","2021-12-31 - Gross carrying amount [member], Land and buildings [member]","2021-12-31 - Gross carrying amount [member], Machinery [member]","2021-12-31 - Gross carrying amount [member], Motor vehicles [member]","2021-12-31 - Gross carrying amount [member], Other intangible assets [member]","2021-12-31 - Gross carrying amount [member], Other intangible assets [member], Internally generated [member]","2021-12-31 - Gross carrying amount [member], Other property, plant and equipment [member]","2021-12-31 - Gross carrying amount [member], Service concession rights [member]","2021-12-31 - Gross carrying amount [member], Service concession rights [member], Internally generated [member]","2021-12-31 - Gross carrying amount [member], Vehicles [member]",2021-12-31 - Internally generated [member],2021-12-31 - Issued capital [member],2021-12-31 - Joint ventures where entity is venturer [member],2021-12-31 - Land [member],2021-12-31 - Land and buildings [member],2021-12-31 - Machinery [member],2021-12-31 - Material reconciling items [member],2021-12-31 - Miscellaneous other provisions [member],2021-12-31 - Motor vehicles [member],2021-12-31 - Non securitized portfolio [member],"2021-12-31 - Non securitized portfolio [member], Up to date [member]",2021-12-31 - Non-controlling interests [member],2021-12-31 - Operating segments [member],2021-12-31 - Ordinary shares [member],2021-12-31 - Other intangible assets [member],"2021-12-31 - Other intangible assets [member], Internally generated [member]","2021-12-31 - Other property, plant and equipment [member]",2021-12-31 - Other reserves [member],2021-12-31 - Other various reserves [member],2021-12-31 - Others [member],2021-12-31 - Preference shares [member],2021-12-31 - Profit (loss) accumulated [member],2021-12-31 - Provisions trade and other receivables [member],2021-12-31 - Related parties [member],2021-12-31 - Reportable segments [member],2021-12-31 - Reserve of cash flow hedges [member],2021-12-31 - Reserve of exchange differences on translation [member],2021-12-31 - Service concession rights [member],"2021-12-31 - Service concession rights [member], Internally generated [member]",2021-12-31 - Services [member],2021-12-31 - Share premium [member],2021-12-31 - Subsidiaries [member],2021-12-31 - Up to date [member],2021-12-31 - Vehicles [member],2021-12-31 - tx:AsociadaOP_1,2021-12-31 - tx:AsociadaOP_10,2021-12-31 - tx:AsociadaOP_11,2021-12-31 - tx:AsociadaOP_12,2021-12-31 - tx:AsociadaOP_13,2021-12-31 - tx:AsociadaOP_14,2021-12-31 - tx:AsociadaOP_15,2021-12-31 - tx:AsociadaOP_16,2021-12-31 - tx:AsociadaOP_17,2021-12-31 - tx:AsociadaOP_18,2021-12-31 - tx:AsociadaOP_19,2021-12-31 - tx:AsociadaOP_2,2021-12-31 - tx:AsociadaOP_20,2021-12-31 - tx:AsociadaOP_21,2021-12-31 - tx:AsociadaOP_22,2021-12-31 - tx:AsociadaOP_23,2021-12-31 - tx:AsociadaOP_24,2021-12-31 - tx:AsociadaOP_25,2021-12-31 - tx:AsociadaOP_26,2021-12-31 - tx:AsociadaOP_27,2021-12-31 - tx:AsociadaOP_3,2021-12-31 - tx:AsociadaOP_4,2021-12-31 - tx:AsociadaOP_5,2021-12-31 - tx:AsociadaOP_6,2021-12-31 - tx:AsociadaOP_7,2021-12-31 - tx:AsociadaOP_8,2021-12-31 - tx:AsociadaOP_9,2021-12-31 - tx:DividendoActual_1,2021-12-31 - tx:DividendoActual_2,2021-12-31 - tx:DividendoActual_3,2021-12-31 - tx:DividendoActual_4,2021-12-31 - tx:Leasing_1,2021-12-31 - tx:Leasing_10,2021-12-31 - tx:Leasing_11,2021-12-31 - tx:Leasing_12,2021-12-31 - tx:Leasing_13,2021-12-31 - tx:Leasing_14,2021-12-31 - tx:Leasing_15,2021-12-31 - tx:Leasing_16,2021-12-31 - tx:Leasing_17,2021-12-31 - tx:Leasing_18,2021-12-31 - tx:Leasing_19,2021-12-31 - tx:Leasing_2,2021-12-31 - tx:Leasing_20,2021-12-31 - tx:Leasing_21,2021-12-31 - tx:Leasing_22,2021-12-31 - tx:Leasing_23,2021-12-31 - tx:Leasing_24,2021-12-31 - tx:Leasing_25,2021-12-31 - tx:Leasing_26,2021-12-31 - tx:Leasing_27,2021-12-31 - tx:Leasing_28,2021-12-31 - tx:Leasing_29,2021-12-31 - tx:Leasing_3,2021-12-31 - tx:Leasing_30,2021-12-31 - tx:Leasing_31,2021-12-31 - tx:Leasing_32,2021-12-31 - tx:Leasing_33,2021-12-31 - tx:Leasing_34,2021-12-31 - tx:Leasing_35,2021-12-31 - tx:Leasing_4,2021-12-31 - tx:Leasing_5,2021-12-31 - tx:Leasing_6,2021-12-31 - tx:Leasing_7,2021-12-31 - tx:Leasing_8,2021-12-31 - tx:Leasing_9,2021-12-31 - tx:NegociosOP_1,2021-12-31 - tx:NegociosOP_2,2021-12-31 - tx:NegociosOP_3,2021-12-31 - tx:NegociosOP_4,2021-12-31 - tx:NegociosOP_5,2021-12-31 - tx:Plusvalia_1,"2021-12-31 - tx:Plusvalia_1, Gross carrying amount [member]",2021-12-31 - tx:Prestamo_1,2021-12-31 - tx:Prestamo_10,2021-12-31 - tx:Prestamo_100,2021-12-31 - tx:Prestamo_101,2021-12-31 - tx:Prestamo_102,2021-12-31 - tx:Prestamo_103,2021-12-31 - tx:Prestamo_104,2021-12-31 - tx:Prestamo_105,2021-12-31 - tx:Prestamo_106,2021-12-31 - tx:Prestamo_107,2021-12-31 - tx:Prestamo_108,2021-12-31 - tx:Prestamo_109,2021-12-31 - tx:Prestamo_11,2021-12-31 - tx:Prestamo_110,2021-12-31 - tx:Prestamo_111,2021-12-31 - tx:Prestamo_112,2021-12-31 - tx:Prestamo_113,2021-12-31 - tx:Prestamo_114,2021-12-31 - tx:Prestamo_115,2021-12-31 - tx:Prestamo_116,2021-12-31 - tx:Prestamo_117,2021-12-31 - tx:Prestamo_118,2021-12-31 - tx:Prestamo_119,2021-12-31 - tx:Prestamo_12,2021-12-31 - tx:Prestamo_120,2021-12-31 - tx:Prestamo_121,2021-12-31 - tx:Prestamo_122,2021-12-31 - tx:Prestamo_123,2021-12-31 - tx:Prestamo_124,2021-12-31 - tx:Prestamo_125,2021-12-31 - tx:Prestamo_126,2021-12-31 - tx:Prestamo_127,2021-12-31 - tx:Prestamo_128,2021-12-31 - tx:Prestamo_129,2021-12-31 - tx:Prestamo_13,2021-12-31 - tx:Prestamo_130,2021-12-31 - tx:Prestamo_131,2021-12-31 - tx:Prestamo_132,2021-12-31 - tx:Prestamo_133,2021-12-31 - tx:Prestamo_134,2021-12-31 - tx:Prestamo_135,2021-12-31 - tx:Prestamo_136,2021-12-31 - tx:Prestamo_137,2021-12-31 - tx:Prestamo_138,2021-12-31 - tx:Prestamo_139,2021-12-31 - tx:Prestamo_14,2021-12-31 - tx:Prestamo_140,2021-12-31 - tx:Prestamo_141,2021-12-31 - tx:Prestamo_142,2021-12-31 - tx:Prestamo_143,2021-12-31 - tx:Prestamo_144,2021-12-31 - tx:Prestamo_145,2021-12-31 - tx:Prestamo_146,2021-12-31 - tx:Prestamo_147,2021-12-31 - tx:Prestamo_148,2021-12-31 - tx:Prestamo_149,2021-12-31 - tx:Prestamo_15,2021-12-31 - tx:Prestamo_150,2021-12-31 - tx:Prestamo_151,2021-12-31 - tx:Prestamo_152,2021-12-31 - tx:Prestamo_153,2021-12-31 - tx:Prestamo_154,2021-12-31 - tx:Prestamo_155,2021-12-31 - tx:Prestamo_156,2021-12-31 - tx:Prestamo_157,2021-12-31 - tx:Prestamo_158,2021-12-31 - tx:Prestamo_159,2021-12-31 - tx:Prestamo_16,2021-12-31 - tx:Prestamo_160,2021-12-31 - tx:Prestamo_161,2021-12-31 - tx:Prestamo_17,2021-12-31 - tx:Prestamo_18,2021-12-31 - tx:Prestamo_19,2021-12-31 - tx:Prestamo_2,2021-12-31 - tx:Prestamo_20,2021-12-31 - tx:Prestamo_21,2021-12-31 - tx:Prestamo_22,2021-12-31 - tx:Prestamo_23,2021-12-31 - tx:Prestamo_24,2021-12-31 - tx:Prestamo_25,2021-12-31 - tx:Prestamo_26,2021-12-31 - tx:Prestamo_27,2021-12-31 - tx:Prestamo_28,2021-12-31 - tx:Prestamo_29,2021-12-31 - tx:Prestamo_3,2021-12-31 - tx:Prestamo_30,2021-12-31 - tx:Prestamo_31,2021-12-31 - tx:Prestamo_32,2021-12-31 - tx:Prestamo_33,2021-12-31 - tx:Prestamo_34,2021-12-31 - tx:Prestamo_35,2021-12-31 - tx:Prestamo_36,2021-12-31 - tx:Prestamo_37,2021-12-31 - tx:Prestamo_38,2021-12-31 - tx:Prestamo_39,2021-12-31 - tx:Prestamo_4,2021-12-31 - tx:Prestamo_40,2021-12-31 - tx:Prestamo_41,2021-12-31 - tx:Prestamo_42,2021-12-31 - tx:Prestamo_43,2021-12-31 - tx:Prestamo_44,2021-12-31 - tx:Prestamo_45,2021-12-31 - tx:Prestamo_46,2021-12-31 - tx:Prestamo_47,2021-12-31 - tx:Prestamo_48,2021-12-31 - tx:Prestamo_49,2021-12-31 - tx:Prestamo_5,2021-12-31 - tx:Prestamo_50,2021-12-31 - tx:Prestamo_51,2021-12-31 - tx:Prestamo_52,2021-12-31 - tx:Prestamo_53,2021-12-31 - tx:Prestamo_54,2021-12-31 - tx:Prestamo_55,2021-12-31 - tx:Prestamo_56,2021-12-31 - tx:Prestamo_57,2021-12-31 - tx:Prestamo_58,2021-12-31 - tx:Prestamo_59,2021-12-31 - tx:Prestamo_6,2021-12-31 - tx:Prestamo_60,2021-12-31 - tx:Prestamo_61,2021-12-31 - tx:Prestamo_62,2021-12-31 - tx:Prestamo_63,2021-12-31 - tx:Prestamo_64,2021-12-31 - tx:Prestamo_65,2021-12-31 - tx:Prestamo_66,2021-12-31 - tx:Prestamo_67,2021-12-31 - tx:Prestamo_68,2021-12-31 - tx:Prestamo_69,2021-12-31 - tx:Prestamo_7,2021-12-31 - tx:Prestamo_70,2021-12-31 - tx:Prestamo_71,2021-12-31 - tx:Prestamo_72,2021-12-31 - tx:Prestamo_73,2021-12-31 - tx:Prestamo_74,2021-12-31 - tx:Prestamo_75,2021-12-31 - tx:Prestamo_76,2021-12-31 - tx:Prestamo_77,2021-12-31 - tx:Prestamo_78,2021-12-31 - tx:Prestamo_79,2021-12-31 - tx:Prestamo_8,2021-12-31 - tx:Prestamo_80,2021-12-31 - tx:Prestamo_81,2021-12-31 - tx:Prestamo_82,2021-12-31 - tx:Prestamo_83,2021-12-31 - tx:Prestamo_84,2021-12-31 - tx:Prestamo_85,2021-12-31 - tx:Prestamo_86,2021-12-31 - tx:Prestamo_87,2021-12-31 - tx:Prestamo_88,2021-12-31 - tx:Prestamo_89,2021-12-31 - tx:Prestamo_9,2021-12-31 - tx:Prestamo_90,2021-12-31 - tx:Prestamo_91,2021-12-31 - tx:Prestamo_92,2021-12-31 - tx:Prestamo_93,2021-12-31 - tx:Prestamo_94,2021-12-31 - tx:Prestamo_95,2021-12-31 - tx:Prestamo_96,2021-12-31 - tx:Prestamo_97,2021-12-31 - tx:Prestamo_98,2021-12-31 - tx:Prestamo_99,2021-12-31 - tx:Publico_1,2021-12-31 - tx:Publico_2,2021-12-31 - tx:Segmento_1,2021-12-31 - tx:Segmento_2,2021-12-31 - tx:Segmento_3,2021-12-31 - tx:Segmento_4,2021-12-31 - tx:SubsidiariaOP_1,2021-12-31 - tx:SubsidiariaOP_10,2021-12-31 - tx:SubsidiariaOP_11,2021-12-31 - tx:SubsidiariaOP_12,2021-12-31 - tx:SubsidiariaOP_13,2021-12-31 - tx:SubsidiariaOP_14,2021-12-31 - tx:SubsidiariaOP_15,2021-12-31 - tx:SubsidiariaOP_16,2021-12-31 - tx:SubsidiariaOP_17,2021-12-31 - tx:SubsidiariaOP_18,2021-12-31 - tx:SubsidiariaOP_19,2021-12-31 - tx:SubsidiariaOP_2,2021-12-31 - tx:SubsidiariaOP_20,2021-12-31 - tx:SubsidiariaOP_21,2021-12-31 - tx:SubsidiariaOP_22,2021-12-31 - tx:SubsidiariaOP_23,2021-12-31 - tx:SubsidiariaOP_24,2021-12-31 - tx:SubsidiariaOP_25,2021-12-31 - tx:SubsidiariaOP_26,2021-12-31 - tx:SubsidiariaOP_27,2021-12-31 - tx:SubsidiariaOP_28,2021-12-31 - tx:SubsidiariaOP_29,2021-12-31 - tx:SubsidiariaOP_3,2021-12-31 - tx:SubsidiariaOP_30,2021-12-31 - tx:SubsidiariaOP_31,2021-12-31 - tx:SubsidiariaOP_32,2021-12-31 - tx:SubsidiariaOP_33,2021-12-31 - tx:SubsidiariaOP_4,2021-12-31 - tx:SubsidiariaOP_5,2021-12-31 - tx:SubsidiariaOP_6,2021-12-31 - tx:SubsidiariaOP_7,2021-12-31 - tx:SubsidiariaOP_8,2021-12-31 - tx:SubsidiariaOP_9,2021-12-31 - tx:SubsidiariaP_1,2021-12-31 - tx:SubsidiariaP_10,2021-12-31 - tx:SubsidiariaP_11,2021-12-31 - tx:SubsidiariaP_12,2021-12-31 - tx:SubsidiariaP_13,2021-12-31 - tx:SubsidiariaP_14,2021-12-31 - tx:SubsidiariaP_15,2021-12-31 - tx:SubsidiariaP_16,2021-12-31 - tx:SubsidiariaP_17,2021-12-31 - tx:SubsidiariaP_18,2021-12-31 - tx:SubsidiariaP_19,2021-12-31 - tx:SubsidiariaP_2,2021-12-31 - tx:SubsidiariaP_20,2021-12-31 - tx:SubsidiariaP_21,2021-12-31 - tx:SubsidiariaP_3,2021-12-31 - tx:SubsidiariaP_4,2021-12-31 - tx:SubsidiariaP_5,2021-12-31 - tx:SubsidiariaP_6,2021-12-31 - tx:SubsidiariaP_7,2021-12-31 - tx:SubsidiariaP_8,2021-12-31 - tx:SubsidiariaP_9,2022-06-30,2022-06-30 - Accumulated other comprehensive income [member],2022-06-30 - Assets before provisions [member],2022-06-30 - Associates [member],2022-06-30 - Brand names [member],"2022-06-30 - Brand names [member], Internally generated [member]",2022-06-30 - Buildings [member],2022-06-30 - Business combinations [member],"2022-06-30 - Business combinations [member], Gross carrying amount [member]",2022-06-30 - Computer equipment [member],2022-06-30 - Computer software [member],"2022-06-30 - Computer software [member], Internally generated [member]",2022-06-30 - Construction in progress [member],"2022-06-30 - Copyrights, patents and other industrial property rights, service and operating rights [member]","2022-06-30 - Copyrights, patents and other industrial property rights, service and operating rights [member], Internally generated [member]",2022-06-30 - Country of domicile [member],2022-06-30 - Discontinued operations [member],2022-06-30 - Elimination of intersegment amounts [member],2022-06-30 - Entity's total for subsidiaries [member],2022-06-30 - Equity attributable to owners of parent [member],2022-06-30 - Fixtures and fittings [member],2022-06-30 - Foreign countries [member],2022-06-30 - Goods [member],2022-06-30 - Gross carrying amount [member],"2022-06-30 - Gross carrying amount [member], Brand names [member]","2022-06-30 - Gross carrying amount [member], Brand names [member], Internally generated [member]","2022-06-30 - Gross carrying amount [member], Buildings [member]","2022-06-30 - Gross carrying amount [member], Computer equipment [member]","2022-06-30 - Gross carrying amount [member], Computer software [member]","2022-06-30 - Gross carrying amount [member], Computer software [member], Internally generated [member]","2022-06-30 - Gross carrying amount [member], Construction in progress [member]","2022-06-30 - Gross carrying amount [member], Copyrights, patents and other industrial property rights, service and operating rights [member]","2022-06-30 - Gross carrying amount [member], Copyrights, patents and other industrial property rights, service and operating rights [member], Internally generated [member]","2022-06-30 - Gross carrying amount [member], Fixtures and fittings [member]","2022-06-30 - Gross carrying amount [member], Internally generated [member]","2022-06-30 - Gross carrying amount [member], Land [member]","2022-06-30 - Gross carrying amount [member], Land and buildings [member]","2022-06-30 - Gross carrying amount [member], Machinery [member]","2022-06-30 - Gross carrying amount [member], Motor vehicles [member]","2022-06-30 - Gross carrying amount [member], Other intangible assets [member]","2022-06-30 - Gross carrying amount [member], Other intangible assets [member], Internally generated [member]","2022-06-30 - Gross carrying amount [member], Other property, plant and equipment [member]","2022-06-30 - Gross carrying amount [member], Service concession rights [member]","2022-06-30 - Gross carrying amount [member], Service concession rights [member], Internally generated [member]","2022-06-30 - Gross carrying amount [member], Vehicles [member]",2022-06-30 - Internally generated [member],2022-06-30 - Issued capital [member],2022-06-30 - Joint ventures where entity is venturer [member],2022-06-30 - Land [member],2022-06-30 - Land and buildings [member],2022-06-30 - Machinery [member],2022-06-30 - Material reconciling items [member],2022-06-30 - Miscellaneous other provisions [member],2022-06-30 - Motor vehicles [member],2022-06-30 - Non securitized portfolio [member],"2022-06-30 - Non securitized portfolio [member], Up to date [member]",2022-06-30 - Non-controlling interests [member],2022-06-30 - Operating segments [member],2022-06-30 - Ordinary shares [member],2022-06-30 - Other intangible assets [member],"2022-06-30 - Other intangible assets [member], Internally generated [member]","2022-06-30 - Other property, plant and equipment [member]",2022-06-30 - Other reserves [member],2022-06-30 - Other various reserves [member],2022-06-30 - Others [member],2022-06-30 - Preference shares [member],2022-06-30 - Profit (loss) accumulated [member],2022-06-30 - Provisions trade and other receivables [member],2022-06-30 - Related parties [member],2022-06-30 - Reportable segments [member],2022-06-30 - Reserve of cash flow hedges [member],2022-06-30 - Reserve of exchange differences on translation [member],2022-06-30 - Service concession rights [member],"2022-06-30 - Service concession rights [member], Internally generated [member]",2022-06-30 - Services [member],2022-06-30 - Share premium [member],2022-06-30 - Subsidiaries [member],2022-06-30 - Up to date [member],2022-06-30 - Vehicles [member],2022-06-30 - tx:AsociadaOP_1,2022-06-30 - tx:AsociadaOP_10,2022-06-30 - tx:AsociadaOP_11,2022-06-30 - tx:AsociadaOP_12,2022-06-30 - tx:AsociadaOP_13,2022-06-30 - tx:AsociadaOP_14,2022-06-30 - tx:AsociadaOP_15,2022-06-30 - tx:AsociadaOP_16,2022-06-30 - tx:AsociadaOP_17,2022-06-30 - tx:AsociadaOP_18,2022-06-30 - tx:AsociadaOP_19,2022-06-30 - tx:AsociadaOP_2,2022-06-30 - tx:AsociadaOP_20,2022-06-30 - tx:AsociadaOP_21,2022-06-30 - tx:AsociadaOP_22,2022-06-30 - tx:AsociadaOP_23,2022-06-30 - tx:AsociadaOP_3,2022-06-30 - tx:AsociadaOP_4,2022-06-30 - tx:AsociadaOP_5,2022-06-30 - tx:AsociadaOP_6,2022-06-30 - tx:AsociadaOP_7,2022-06-30 - tx:AsociadaOP_8,2022-06-30 - tx:AsociadaOP_9,2022-06-30 - tx:Cliente_1,2022-06-30 - tx:DividendoActual_1,2022-06-30 - tx:DividendoActual_2,2022-06-30 - tx:Leasing_1,2022-06-30 - tx:Leasing_10,2022-06-30 - tx:Leasing_11,2022-06-30 - tx:Leasing_12,2022-06-30 - tx:Leasing_13,2022-06-30 - tx:Leasing_14,2022-06-30 - tx:Leasing_15,2022-06-30 - tx:Leasing_16,2022-06-30 - tx:Leasing_17,2022-06-30 - tx:Leasing_18,2022-06-30 - tx:Leasing_19,2022-06-30 - tx:Leasing_2,2022-06-30 - tx:Leasing_20,2022-06-30 - tx:Leasing_21,2022-06-30 - tx:Leasing_22,2022-06-30 - tx:Leasing_23,2022-06-30 - tx:Leasing_24,2022-06-30 - tx:Leasing_25,2022-06-30 - tx:Leasing_26,2022-06-30 - tx:Leasing_27,2022-06-30 - tx:Leasing_28,2022-06-30 - tx:Leasing_29,2022-06-30 - tx:Leasing_3,2022-06-30 - tx:Leasing_30,2022-06-30 - tx:Leasing_31,2022-06-30 - tx:Leasing_32,2022-06-30 - tx:Leasing_33,2022-06-30 - tx:Leasing_34,2022-06-30 - tx:Leasing_35,2022-06-30 - tx:Leasing_4,2022-06-30 - tx:Leasing_5,2022-06-30 - tx:Leasing_6,2022-06-30 - tx:Leasing_7,2022-06-30 - tx:Leasing_8,2022-06-30 - tx:Leasing_9,2022-06-30 - tx:NegociosOP_1,2022-06-30 - tx:NegociosOP_2,2022-06-30 - tx:NegociosOP_3,2022-06-30 - tx:NegociosOP_4,2022-06-30 - tx:NegociosOP_5,2022-06-30 - tx:PaisExtranjero_1,2022-06-30 - tx:Plusvalia_1,"2022-06-30 - tx:Plusvalia_1, Gross carrying amount [member]",2022-06-30 - tx:Prestamo_1,2022-06-30 - tx:Prestamo_10,2022-06-30 - tx:Prestamo_100,2022-06-30 - tx:Prestamo_101,2022-06-30 - tx:Prestamo_102,2022-06-30 - tx:Prestamo_103,2022-06-30 - tx:Prestamo_104,2022-06-30 - tx:Prestamo_105,2022-06-30 - tx:Prestamo_106,2022-06-30 - tx:Prestamo_107,2022-06-30 - tx:Prestamo_108,2022-06-30 - tx:Prestamo_109,2022-06-30 - tx:Prestamo_11,2022-06-30 - tx:Prestamo_110,2022-06-30 - tx:Prestamo_111,2022-06-30 - tx:Prestamo_112,2022-06-30 - tx:Prestamo_113,2022-06-30 - tx:Prestamo_114,2022-06-30 - tx:Prestamo_115,2022-06-30 - tx:Prestamo_116,2022-06-30 - tx:Prestamo_117,2022-06-30 - tx:Prestamo_118,2022-06-30 - tx:Prestamo_119,2022-06-30 - tx:Prestamo_12,2022-06-30 - tx:Prestamo_120,2022-06-30 - tx:Prestamo_121,2022-06-30 - tx:Prestamo_122,2022-06-30 - tx:Prestamo_123,2022-06-30 - tx:Prestamo_124,2022-06-30 - tx:Prestamo_125,2022-06-30 - tx:Prestamo_126,2022-06-30 - tx:Prestamo_127,2022-06-30 - tx:Prestamo_128,2022-06-30 - tx:Prestamo_129,2022-06-30 - tx:Prestamo_13,2022-06-30 - tx:Prestamo_130,2022-06-30 - tx:Prestamo_131,2022-06-30 - tx:Prestamo_132,2022-06-30 - tx:Prestamo_133,2022-06-30 - tx:Prestamo_134,2022-06-30 - tx:Prestamo_135,2022-06-30 - tx:Prestamo_136,2022-06-30 - tx:Prestamo_137,2022-06-30 - tx:Prestamo_138,2022-06-30 - tx:Prestamo_139,2022-06-30 - tx:Prestamo_14,2022-06-30 - tx:Prestamo_140,2022-06-30 - tx:Prestamo_141,2022-06-30 - tx:Prestamo_142,2022-06-30 - tx:Prestamo_143,2022-06-30 - tx:Prestamo_144,2022-06-30 - tx:Prestamo_145,2022-06-30 - tx:Prestamo_146,2022-06-30 - tx:Prestamo_147,2022-06-30 - tx:Prestamo_148,2022-06-30 - tx:Prestamo_149,2022-06-30 - tx:Prestamo_15,2022-06-30 - tx:Prestamo_150,2022-06-30 - tx:Prestamo_151,2022-06-30 - tx:Prestamo_152,2022-06-30 - tx:Prestamo_153,2022-06-30 - tx:Prestamo_154,2022-06-30 - tx:Prestamo_155,2022-06-30 - tx:Prestamo_156,2022-06-30 - tx:Prestamo_157,2022-06-30 - tx:Prestamo_158,2022-06-30 - tx:Prestamo_159,2022-06-30 - tx:Prestamo_16,2022-06-30 - tx:Prestamo_160,2022-06-30 - tx:Prestamo_161,2022-06-30 - tx:Prestamo_17,2022-06-30 - tx:Prestamo_18,2022-06-30 - tx:Prestamo_19,2022-06-30 - tx:Prestamo_2,2022-06-30 - tx:Prestamo_20,2022-06-30 - tx:Prestamo_21,2022-06-30 - tx:Prestamo_22,2022-06-30 - tx:Prestamo_23,2022-06-30 - tx:Prestamo_24,2022-06-30 - tx:Prestamo_25,2022-06-30 - tx:Prestamo_26,2022-06-30 - tx:Prestamo_27,2022-06-30 - tx:Prestamo_28,2022-06-30 - tx:Prestamo_29,2022-06-30 - tx:Prestamo_3,2022-06-30 - tx:Prestamo_30,2022-06-30 - tx:Prestamo_31,2022-06-30 - tx:Prestamo_32,2022-06-30 - tx:Prestamo_33,2022-06-30 - tx:Prestamo_34,2022-06-30 - tx:Prestamo_35,2022-06-30 - tx:Prestamo_36,2022-06-30 - tx:Prestamo_37,2022-06-30 - tx:Prestamo_38,2022-06-30 - tx:Prestamo_39,2022-06-30 - tx:Prestamo_4,2022-06-30 - tx:Prestamo_40,2022-06-30 - tx:Prestamo_41,2022-06-30 - tx:Prestamo_42,2022-06-30 - tx:Prestamo_43,2022-06-30 - tx:Prestamo_44,2022-06-30 - tx:Prestamo_45,2022-06-30 - tx:Prestamo_46,2022-06-30 - tx:Prestamo_47,2022-06-30 - tx:Prestamo_48,2022-06-30 - tx:Prestamo_49,2022-06-30 - tx:Prestamo_5,2022-06-30 - tx:Prestamo_50,2022-06-30 - tx:Prestamo_51,2022-06-30 - tx:Prestamo_52,2022-06-30 - tx:Prestamo_53,2022-06-30 - tx:Prestamo_54,2022-06-30 - tx:Prestamo_55,2022-06-30 - tx:Prestamo_56,2022-06-30 - tx:Prestamo_57,2022-06-30 - tx:Prestamo_58,2022-06-30 - tx:Prestamo_59,2022-06-30 - tx:Prestamo_6,2022-06-30 - tx:Prestamo_60,2022-06-30 - tx:Prestamo_61,2022-06-30 - tx:Prestamo_62,2022-06-30 - tx:Prestamo_63,2022-06-30 - tx:Prestamo_64,2022-06-30 - tx:Prestamo_65,2022-06-30 - tx:Prestamo_66,2022-06-30 - tx:Prestamo_67,2022-06-30 - tx:Prestamo_68,2022-06-30 - tx:Prestamo_69,2022-06-30 - tx:Prestamo_7,2022-06-30 - tx:Prestamo_70,2022-06-30 - tx:Prestamo_71,2022-06-30 - tx:Prestamo_72,2022-06-30 - tx:Prestamo_73,2022-06-30 - tx:Prestamo_74,2022-06-30 - tx:Prestamo_75,2022-06-30 - tx:Prestamo_76,2022-06-30 - tx:Prestamo_77,2022-06-30 - tx:Prestamo_78,2022-06-30 - tx:Prestamo_79,2022-06-30 - tx:Prestamo_8,2022-06-30 - tx:Prestamo_80,2022-06-30 - tx:Prestamo_81,2022-06-30 - tx:Prestamo_82,2022-06-30 - tx:Prestamo_83,2022-06-30 - tx:Prestamo_84,2022-06-30 - tx:Prestamo_85,2022-06-30 - tx:Prestamo_86,2022-06-30 - tx:Prestamo_87,2022-06-30 - tx:Prestamo_88,2022-06-30 - tx:Prestamo_89,2022-06-30 - tx:Prestamo_9,2022-06-30 - tx:Prestamo_90,2022-06-30 - tx:Prestamo_91,2022-06-30 - tx:Prestamo_92,2022-06-30 - tx:Prestamo_93,2022-06-30 - tx:Prestamo_94,2022-06-30 - tx:Prestamo_95,2022-06-30 - tx:Prestamo_96,2022-06-30 - tx:Prestamo_97,2022-06-30 - tx:Prestamo_98,2022-06-30 - tx:Prestamo_99,2022-06-30 - tx:Producto_1,2022-06-30 - tx:Producto_2,2022-06-30 - tx:Producto_3,2022-06-30 - tx:Producto_4,2022-06-30 - tx:Publico_1,2022-06-30 - tx:Publico_2,2022-06-30 - tx:Segmento_1,2022-06-30 - tx:Segmento_2,2022-06-30 - tx:Segmento_3,2022-06-30 - tx:Segmento_4,2022-06-30 - tx:SubsidiariaOP_1,2022-06-30 - tx:SubsidiariaOP_10,2022-06-30 - tx:SubsidiariaOP_11,2022-06-30 - tx:SubsidiariaOP_12,2022-06-30 - tx:SubsidiariaOP_13,2022-06-30 - tx:SubsidiariaOP_14,2022-06-30 - tx:SubsidiariaOP_15,2022-06-30 - tx:SubsidiariaOP_16,2022-06-30 - tx:SubsidiariaOP_17,2022-06-30 - tx:SubsidiariaOP_18,2022-06-30 - tx:SubsidiariaOP_19,2022-06-30 - tx:SubsidiariaOP_2,2022-06-30 - tx:SubsidiariaOP_20,2022-06-30 - tx:SubsidiariaOP_21,2022-06-30 - tx:SubsidiariaOP_22,2022-06-30 - tx:SubsidiariaOP_23,2022-06-30 - tx:SubsidiariaOP_3,2022-06-30 - tx:SubsidiariaOP_4,2022-06-30 - tx:SubsidiariaOP_5,2022-06-30 - tx:SubsidiariaOP_6,2022-06-30 - tx:SubsidiariaOP_7,2022-06-30 - tx:SubsidiariaOP_8,2022-06-30 - tx:SubsidiariaOP_9,2022-06-30 - tx:SubsidiariaP_1,2022-06-30 - tx:SubsidiariaP_10,2022-06-30 - tx:SubsidiariaP_11,2022-06-30 - tx:SubsidiariaP_12,2022-06-30 - tx:SubsidiariaP_13,2022-06-30 - tx:SubsidiariaP_14,2022-06-30 - tx:SubsidiariaP_15,2022-06-30 - tx:SubsidiariaP_16,2022-06-30 - tx:SubsidiariaP_17,2022-06-30 - tx:SubsidiariaP_18,2022-06-30 - tx:SubsidiariaP_19,2022-06-30 - tx:SubsidiariaP_2,2022-06-30 - tx:SubsidiariaP_20,2022-06-30 - tx:SubsidiariaP_3,2022-06-30 - tx:SubsidiariaP_4,2022-06-30 - tx:SubsidiariaP_5,2022-06-30 - tx:SubsidiariaP_6,2022-06-30 - tx:SubsidiariaP_7,2022-06-30 - tx:SubsidiariaP_8,2022-06-30 - tx:SubsidiariaP_9
"[310000] Estado del resultado, por función de gasto – Estados financieros consolidados",,,,,,,,,,,,,,,,,,,,,,,,,,,,,,,,,,,,,,,,,,,,,,,,,,,,,,,,,,,,,,,,,,,,,,,,,,,,,,,,,,,,,,,,,,,,,,,,,,,,,,,,,,,,,,,,,,,,,,,,,,,,,,,,,,,,,,,,,,,,,,,,,,,,,,,,,,,,,,,,,,,,,,,,,,,,,,,,,,,,,,,,,,,,,,,,,,,,,,,,,,,,,,,,,,,,,,,,,,,,,,,,,,,,,,,,,,,,,,,,,,,,,,,,,,,,,,,,,,,,,,,,,,,,,,,,,,,,,,,,,,,,,,,,,,,,,,,,,,,,,,,,,,,,,,,,,,,,,,,,,,,,,,,,,,,,,,,,,,,,,,,,,,,,,,,,,,,,,,,,,,,,,,,,,,,,,,,,,,,,,,,,,,,,,,,,,,,,,,,,,,,,,,,,,,,,,,,,,,,,,,,,,,,,,,,,,,,,,,,,,,,,,,,,,,,,,,,,,,,,,,,,,,,,,,,,,,,,,,,,,,,,,,,,,,,,,,,,,,,,,,,,,,,,,,,,,,,,,,,,,,,,,,,,,,,,,,,,,,,,,,,,,,,,,,,,,,,,,,,,,,,,,,,,,,,,,,,,,,,,,,,,,,,,,,,,,,,,,,,,,,,,,,,,,,,,,,,,,,,,,,,,,,,,,,,,,,,,,,,,,,,,,,,,,,,,,,,,,,,,,,,,,,,,,,,,,,,,,,,,,,,,,,,,,,,,,,,,,,,,,,,,,,,,,,,,,,,,,,,,,,,,,,,,,,,,,,,,,,,,,,,,,,,,,,,,,,,,,,,,,,,,,,,,,,,,,,,,,,,,,,,,,,,,,,,,,,,,,,,,,,,,,,,,,,,,,,,,,,,,,,,,,
,Profit or loss [abstract],,,,,,,,,,,,,,,,,,,,,,,,,,,,,,,,,,,,,,,,,,,,,,,,,,,,,,,,,,,,,,,,,,,,,,,,,,,,,,,,,,,,,,,,,,,,,,,,,,,,,,,,,,,,,,,,,,,,,,,,,,,,,,,,,,,,,,,,,,,,,,,,,,,,,,,,,,,,,,,,,,,,,,,,,,,,,,,,,,,,,,,,,,,,,,,,,,,,,,,,,,,,,,,,,,,,,,,,,,,,,,,,,,,,,,,,,,,,,,,,,,,,,,,,,,,,,,,,,,,,,,,,,,,,,,,,,,,,,,,,,,,,,,,,,,,,,,,,,,,,,,,,,,,,,,,,,,,,,,,,,,,,,,,,,,,,,,,,,,,,,,,,,,,,,,,,,,,,,,,,,,,,,,,,,,,,,,,,,,,,,,,,,,,,,,,,,,,,,,,,,,,,,,,,,,,,,,,,,,,,,,,,,,,,,,,,,,,,,,,,,,,,,,,,,,,,,,,,,,,,,,,,,,,,,,,,,,,,,,,,,,,,,,,,,,,,,,,,,,,,,,,,,,,,,,,,,,,,,,,,,,,,,,,,,,,,,,,,,,,,,,,,,,,,,,,,,,,,,,,,,,,,,,,,,,,,,,,,,,,,,,,,,,,,,,,,,,,,,,,,,,,,,,,,,,,,,,,,,,,,,,,,,,,,,,,,,,,,,,,,,,,,,,,,,,,,,,,,,,,,,,,,,,,,,,,,,,,,,,,,,,,,,,,,,,,,,,,,,,,,,,,,,,,,,,,,,,,,,,,,,,,,,,,,,,,,,,,,,,,,,,,,,,,,,,,,,,,,,,,,,,,,,,,,,,,,,,,,,,,,,,,,,,,,,,,,,,,,,,,,,,,,,,,,,,,,,,,,,,,,,,,,
,,Profit (loss) [abstract],,,,,,,,,,,,,,,,,,,,,,,,,,,,,,,,,,,,,,,,,,,,,,,,,,,,,,,,,,,,,,,,,,,,,,,,,,,,,,,,,,,,,,,,,,,,,,,,,,,,,,,,,,,,,,,,,,,,,,,,,,,,,,,,,,,,,,,,,,,,,,,,,,,,,,,,,,,,,,,,,,,,,,,,,,,,,,,,,,,,,,,,,,,,,,,,,,,,,,,,,,,,,,,,,,,,,,,,,,,,,,,,,,,,,,,,,,,,,,,,,,,,,,,,,,,,,,,,,,,,,,,,,,,,,,,,,,,,,,,,,,,,,,,,,,,,,,,,,,,,,,,,,,,,,,,,,,,,,,,,,,,,,,,,,,,,,,,,,,,,,,,,,,,,,,,,,,,,,,,,,,,,,,,,,,,,,,,,,,,,,,,,,,,,,,,,,,,,,,,,,,,,,,,,,,,,,,,,,,,,,,,,,,,,,,,,,,,,,,,,,,,,,,,,,,,,,,,,,,,,,,,,,,,,,,,,,,,,,,,,,,,,,,,,,,,,,,,,,,,,,,,,,,,,,,,,,,,,,,,,,,,,,,,,,,,,,,,,,,,,,,,,,,,,,,,,,,,,,,,,,,,,,,,,,,,,,,,,,,,,,,,,,,,,,,,,,,,,,,,,,,,,,,,,,,,,,,,,,,,,,,,,,,,,,,,,,,,,,,,,,,,,,,,,,,,,,,,,,,,,,,,,,,,,,,,,,,,,,,,,,,,,,,,,,,,,,,,,,,,,,,,,,,,,,,,,,,,,,,,,,,,,,,,,,,,,,,,,,,,,,,,,,,,,,,,,,,,,,,,,,,,,,,,,,,,,,,,,,,,,,,,,,,,,,,,,,,,,,,,,,,,,,,,,,,,,,,,,,,,,,,,
,,,Revenue,,,,,,,,,,,,,,,,,,,,,,,,,,,,,,,,,,,,,,,,,,,,,,,,,,,,,,,,,,,,,,,,,,,,"126,522,997,000",,"241,621,336,000","241,621,336,000",,,,,"241,621,336,000",,,"241,621,336,000",,,"241,621,336,000","119,627,525,000","45,297,163,000","9,932,445,000","66,764,203,000","119,627,525,000","45,297,163,000","9,932,445,000","66,764,203,000",,,,,,,,,,,,,,,,,,,,,,,,,,,,,,,,,,,,,,,,,,,,,,,,,,,,,,,,,,,,,,,,,,,,,,,,,,,,,,,,,,,,,,,,,,,,,,,,,,,,,,,,,,,,,,,,,,,,,,,,,,,,,,,,,,,,,,,,,,,,,,,,,,,,,,,,,,,,,,,,,,,,,,,,,,,,,,,,,,,,,,,,,,,,,,,,,,,,,,,,,,,,,,,,,,,,,,,,,,,,,,,,,,,,,,,,,,,,,,,,,,,,,,,,,,,,,,,,,,,,,,,,,,,,,,,,,,,,,,,,,,,,,,,,,,,,,,,,,,,,,,,,,,,,,,,,,,,,,,,,,,,,,,,,,,,,,,,,,,,,,,,,,,,,,,,,,,,,,,,,,,,,,,,,,,,"166,289,216,000",,,,,,,,,,,,,,,"265,479,716,000","332,483,247,000",,,,,"67,003,531,000",,,,,,,,,,,,,,,,,,,,,,,,,,,,,,,,,,,,"332,483,247,000",,,,,,,,,,,,"332,483,247,000",,,,,,,,,,,,,,,,,,,,,,,,,,,,,,,,,"332,483,247,000",,,,,,,,,,,,,,,,,,,,,,,,,,,,,,,,,,,,,,,,,,,"67,003,531,000",,,,,,,,,,,,,,,,,,,,,,,,,,,,,,,,,,,,,,,,,,,,,,,,,,,,,,,,,,,,,,,,,,,,,,,,,,,,,,,,,,,,,,,,,,,,,,,,,,,,,,,,,,,,,,,,,,,,,,,,,,,,,,,,,,,,,,,,,,,,,,,,,,,,,,,,,,,,,,,,,,,,"195,697,315,000","41,565,234,000","23,743,490,000","71,477,208,000",,,"195,697,315,000","41,565,234,000","23,743,490,000","71,477,208,000",,,,,,,,,,,,,,,,,,,,,,,,,,,,,,,,,,,,,,,,,,,
,,,Cost of sales,,,,,,,,,,,,,,,,,,,,,,,,,,,,,,,,,,,,,,,,,,,,,,,,,,,,,,,,,,,,,,,,,,,,"117,376,722,000",,,,,,,,"220,332,666,000",,,"220,332,666,000",,,,,,,,"114,964,858,000","39,497,210,000","7,765,931,000","58,104,667,000",,,,,,,,,,,,,,,,,,,,,,,,,,,,,,,,,,,,,,,,,,,,,,,,,,,,,,,,,,,,,,,,,,,,,,,,,,,,,,,,,,,,,,,,,,,,,,,,,,,,,,,,,,,,,,,,,,,,,,,,,,,,,,,,,,,,,,,,,,,,,,,,,,,,,,,,,,,,,,,,,,,,,,,,,,,,,,,,,,,,,,,,,,,,,,,,,,,,,,,,,,,,,,,,,,,,,,,,,,,,,,,,,,,,,,,,,,,,,,,,,,,,,,,,,,,,,,,,,,,,,,,,,,,,,,,,,,,,,,,,,,,,,,,,,,,,,,,,,,,,,,,,,,,,,,,,,,,,,,,,,,,,,,,,,,,,,,,,,,,,,,,,,,,,,,,,,,,,,,,,,,,,,,,,,,,"149,315,769,000",,,,,,,,,,,,,,,,,,,,,,,,,,,,,,,,,,,,,,,,,,,,,,,,,,,,,,,,,"298,898,530,000",,,,,,,,,,,,"298,898,530,000",,,,,,,,,,,,,,,,,,,,,,,,,,,,,,,,,,,,,,,,,,,,,,,,,,,,,,,,,,,,,,,,,,,,,,,,,,,,,,,,,,,,,,,,,,,,,,,,,,,,,,,,,,,,,,,,,,,,,,,,,,,,,,,,,,,,,,,,,,,,,,,,,,,,,,,,,,,,,,,,,,,,,,,,,,,,,,,,,,,,,,,,,,,,,,,,,,,,,,,,,,,,,,,,,,,,,,,,,,,,,,,,,,,,,,,,,,,,,,,,,,,,,,"187,395,024,000","34,675,352,000","17,583,602,000","59,244,552,000",,,,,,,,,,,,,,,,,,,,,,,,,,,,,,,,,,,,,,,,,,,
,,,Gross profit,,,,,,,,,,,,,,,,,,,,,,,,,,,,,,,,,,,,,,,,,,,,,,,,,,,,,,,,,,,,,,,,,,,,"9,146,275,000",,,,,,,,,,,,,,,,,,,,,,,,,,,,,,,,,,,,,,,,,,,,,,,,,,,,,,,,,,,,,,,,,,,,,,,,,,,,,,,,,,,,,,,,,,,,,,,,,,,,,,,,,,,,,,,,,,,,,,,,,,,,,,,,,,,,,,,,,,,,,,,,,,,,,,,,,,,,,,,,,,,,,,,,,,,,,,,,,,,,,,,,,,,,,,,,,,,,,,,,,,,,,,,,,,,,,,,,,,,,,,,,,,,,,,,,,,,,,,,,,,,,,,,,,,,,,,,,,,,,,,,,,,,,,,,,,,,,,,,,,,,,,,,,,,,,,,,,,,,,,,,,,,,,,,,,,,,,,,,,,,,,,,,,,,,,,,,,,,,,,,,,,,,,,,,,,,,,,,,,,,,,,,,,,,,,,,,,,,,,,,,,,,,,,,,,,"16,973,447,000",,,,,,,,,,,,,,,,,,,,,,,,,,,,,,,,,,,,,,,,,,,,,,,,,,,,,,,,,,,,,,,,,,,,,,,,,,,,,,,,,,,,,,,,,,,,,,,,,,,,,,,,,,,,,,,,,,,,,,,,,,,,,,,,,,,,,,,,,,,,,,,,,,,,,,,,,,,,,,,,,,,,,,,,,,,,,,,,,,,,,,,,,,,,,,,,,,,,,,,,,,,,,,,,,,,,,,,,,,,,,,,,,,,,,,,,,,,,,,,,,,,,,,,,,,,,,,,,,,,,,,,,,,,,,,,,,,,,,,,,,,,,,,,,,,,,,,,,,,,,,,,,,,,,,,,,,,,,,,,,,,,,,,,,,,,,,,,,,,,,,,,,,,,,,,,,,,,,,,,,,
,,,Other income,,,,,,,,,,,,,,,,,,,,,,,,,,,,,,,,,,,,,,,,,,,,,,,,,,,,,,,,,,,,,,,,,,,,,,,,,,,,,,,,,,,,,,,,,,,,,,,,,,,,,,,,,,,,,,,,,,,,,,,,,,,,,,,,,,,,,,,,,,,,,,,,,,,,,,,,,,,,,,,,,,,,,,,,,,,,,,,,,,,,,,,,,,,,,,,,,,,,,,,,,,,,,,,,,,,,,,,,,,,,,,,,,,,,,,,,,,,,,,,,,,,,,,,,,,,,,,,,,,,,,,,,,,,,,,,,,,,,,,,,,,,,,,,,,,,,,,,,,,,,,,,,,,,,,,,,,,,,,,,,,,,,,,,,,,,,,,,,,,,,,,,,,,,,,,,,,,,,,,,,,,,,,,,,,,,,,,,,,,,,,,,,,,,,,,,,,,,,,,,,,,,,,,,,,,,,,,,,,,,,,,,,,,,,,,,,,,,,,,,,,,,,,,,,,,,,,,,,,,,,,,,,,,,,,,,,,,,,,,,,,,,,,,,,,,,,,,,,,,,,,,,,,,,,,,,,,,,,,,,,,,,,,,,,,,,,,,,,,,,,,,,,,,,,,,,,,,,,,,,,,,,,,,,,,,,,,,,,,,,,,,,,,,,,,,,,,,,,,,,,,,,,,,,,,,,,,,,,,,,,,,,,,,,,,,,,,,,,,,,,,,,,,,,,,,,,,,,,,,,,,,,,,,,,,,,,,,,,,,,,,,,,,,,,,,,,,,,,,,,,,,,,,,,,,,,,,,,,,,,,,,,,,,,,,,,,,,,,,,,,,,,,,,,,,,,,,,,,,,,,,,,,,,,,,,,,,,,,,,,,,,,,,,,,,,,,,,,,,,,,,,,,,,,,,,,,,,,,,,,,,,
,,,Distribution costs,,,,,,,,,,,,,,,,,,,,,,,,,,,,,,,,,,,,,,,,,,,,,,,,,,,,,,,,,,,,,,,,,,,,,,,,,,,,,,,,,,,,,,,,,,,,,,,,,,,,,,,,,,,,,,,,,,,,,,,,,,,,,,,,,,,,,,,,,,,,,,,,,,,,,,,,,,,,,,,,,,,,,,,,,,,,,,,,,,,,,,,,,,,,,,,,,,,,,,,,,,,,,,,,,,,,,,,,,,,,,,,,,,,,,,,,,,,,,,,,,,,,,,,,,,,,,,,,,,,,,,,,,,,,,,,,,,,,,,,,,,,,,,,,,,,,,,,,,,,,,,,,,,,,,,,,,,,,,,,,,,,,,,,,,,,,,,,,,,,,,,,,,,,,,,,,,,,,,,,,,,,,,,,,,,,,,,,,,,,,,,,,,,,,,,,,,,,,,,,,,,,,,,,,,,,,,,,,,,,,,,,,,,,,,,,,,,,,,,,,,,,,,,,,,,,,,,,,,,,,,,,,,,,,,,,,,,,,,,,,,,,,,,,,,,,,,,,,,,,,,,,,,,,,,,,,,,,,,,,,,,,,,,,,,,,,,,,,,,,,,,,,,,,,,,,,,,,,,,,,,,,,,,,,,,,,,,,,,,,,,,,,,,,,,,,,,,,,,,,,,,,,,,,,,,,,,,,,,,,,,,,,,,,,,,,,,,,,,,,,,,,,,,,,,,,,,,,,,,,,,,,,,,,,,,,,,,,,,,,,,,,,,,,,,,,,,,,,,,,,,,,,,,,,,,,,,,,,,,,,,,,,,,,,,,,,,,,,,,,,,,,,,,,,,,,,,,,,,,,,,,,,,,,,,,,,,,,,,,,,,,,,,,,,,,,,,,,,,,,,,,,,,,,,,,,,,,,,,,,,,,
,,,Administrative expenses,,,,,,,,,,,,,,,,,,,,,,,,,,,,,,,,,,,,,,,,,,,,,,,,,,,,,,,,,,,,,,,,,,,,"5,231,712,000",,,,,,,,"9,601,920,000",,,"9,601,920,000",,,,,,,,"5,682,648,000","2,168,707,000","1,272,569,000","477,996,000",,,,,,,,,,,,,,,,,,,,,,,,,,,,,,,,,,,,,,,,,,,,,,,,,,,,,,,,,,,,,,,,,,,,,,,,,,,,,,,,,,,,,,,,,,,,,,,,,,,,,,,,,,,,,,,,,,,,,,,,,,,,,,,,,,,,,,,,,,,,,,,,,,,,,,,,,,,,,,,,,,,,,,,,,,,,,,,,,,,,,,,,,,,,,,,,,,,,,,,,,,,,,,,,,,,,,,,,,,,,,,,,,,,,,,,,,,,,,,,,,,,,,,,,,,,,,,,,,,,,,,,,,,,,,,,,,,,,,,,,,,,,,,,,,,,,,,,,,,,,,,,,,,,,,,,,,,,,,,,,,,,,,,,,,,,,,,,,,,,,,,,,,,,,,,,,,,,,,,,,,,,,,,,,,,,"6,252,397,000",,,,,,,,,,,,,,,,,,,,,,,,,,,,,,,,,,,,,,,,,,,,,,,,,,,,,,,,,"11,642,202,000",,,,,,,,,,,,"11,642,202,000",,,,,,,,,,,,,,,,,,,,,,,,,,,,,,,,,,,,,,,,,,,,,,,,,,,,,,,,,,,,,,,,,,,,,,,,,,,,,,,,,,,,,,,,,,,,,,,,,,,,,,,,,,,,,,,,,,,,,,,,,,,,,,,,,,,,,,,,,,,,,,,,,,,,,,,,,,,,,,,,,,,,,,,,,,,,,,,,,,,,,,,,,,,,,,,,,,,,,,,,,,,,,,,,,,,,,,,,,,,,,,,,,,,,,,,,,,,,,,,,,,,,,,"6,605,250,000","2,961,639,000","1,428,214,000","647,099,000",,,,,,,,,,,,,,,,,,,,,,,,,,,,,,,,,,,,,,,,,,,
,,,"Other expense, by function",,,,,,,,,,,,,,,,,,,,,,,,,,,,,,,,,,,,,,,,,,,,,,,,,,,,,,,,,,,,,,,,,,,,,,,,,,,,,,,,,,,,,,,,,,,,,,,,,,,,,,,,,,,,,,,,,,,,,,,,,,,,,,,,,,,,,,,,,,,,,,,,,,,,,,,,,,,,,,,,,,,,,,,,,,,,,,,,,,,,,,,,,,,,,,,,,,,,,,,,,,,,,,,,,,,,,,,,,,,,,,,,,,,,,,,,,,,,,,,,,,,,,,,,,,,,,,,,,,,,,,,,,,,,,,,,,,,,,,,,,,,,,,,,,,,,,,,,,,,,,,,,,,,,,,,,,,,,,,,,,,,,,,,,,,,,,,,,,,,,,,,,,,,,,,,,,,,,,,,,,,,,,,,,,,,,,,,,,,,,,,,,,,,,,,,,,,,,,,,,,,,,,,,,,,,,,,,,,,,,,,,,,,,,,,,,,,,,,,,,,,,,,,,,,,,,,,,,,,,,,,,,,,,,,,,,,,,,,,,,,,,,,,,,,,,,,,,,,,,,,,,,,,,,,,,,,,,,,,,,,,,,,,,,,,,,,,,,,,,,,,,,,,,,,,,,,,,,,,,,,,,,,,,,,,,,,,,,,,,,,,,,,,,,,,,,,,,,,,,,,,,,,,,,,,,,,,,,,,,,,,,,,,,,,,,,,,,,,,,,,,,,,,,,,,,,,,,,,,,,,,,,,,,,,,,,,,,,,,,,,,,,,,,,,,,,,,,,,,,,,,,,,,,,,,,,,,,,,,,,,,,,,,,,,,,,,,,,,,,,,,,,,,,,,,,,,,,,,,,,,,,,,,,,,,,,,,,,,,,,,,,,,,,,,,,,,,,,,,,,,,,,,,,,,,,,,,,,,,,,,,
,,,Other gains (losses),,,,,,,,,,,,,,,,,,,,,,,,,,,,,,,,,,,,,,,,,,,,,,,,,,,,,,,,,,,,,,,,,,,,"1,175,390,000",,,,,,,,,,,,,,,,,,,,,,,,,,,,,,,,,,,,,,,,,,,,,,,,,,,,,,,,,,,,,,,,,,,,,,,,,,,,,,,,,,,,,,,,,,,,,,,,,,,,,,,,,,,,,,,,,,,,,,,,,,,,,,,,,,,,,,,,,,,,,,,,,,,,,,,,,,,,,,,,,,,,,,,,,,,,,,,,,,,,,,,,,,,,,,,,,,,,,,,,,,,,,,,,,,,,,,,,,,,,,,,,,,,,,,,,,,,,,,,,,,,,,,,,,,,,,,,,,,,,,,,,,,,,,,,,,,,,,,,,,,,,,,,,,,,,,,,,,,,,,,,,,,,,,,,,,,,,,,,,,,,,,,,,,,,,,,,,,,,,,,,,,,,,,,,,,,,,,,,,,,,,,,,,,,,,,,,,,,,,,,,,,,,,,,,,,"1,324,169,000",,,,,,,,,,,,,,,,,,,,,,,,,,,,,,,,,,,,,,,,,,,,,,,,,,,,,,,,,,,,,,,,,,,,,,,,,,,,,,,,,,,,,,,,,,,,,,,,,,,,,,,,,,,,,,,,,,,,,,,,,,,,,,,,,,,,,,,,,,,,,,,,,,,,,,,,,,,,,,,,,,,,,,,,,,,,,,,,,,,,,,,,,,,,,,,,,,,,,,,,,,,,,,,,,,,,,,,,,,,,,,,,,,,,,,,,,,,,,,,,,,,,,,,,,,,,,,,,,,,,,,,,,,,,,,,,,,,,,,,,,,,,,,,,,,,,,,,,,,,,,,,,,,,,,,,,,,,,,,,,,,,,,,,,,,,,,,,,,,,,,,,,,,,,,,,,,,,,,,,,,
,,,Profit (loss) from operating activities,,,,,,,,,,,,,,,,,,,,,,,,,,,,,,,,,,,,,,,,,,,,,,,,,,,,,,,,,,,,,,,,,,,,"5,089,953,000",,,,,,,,,,,,,,,,,,,,,,,,,,,,,,,,,,,,,,,,,,,,,,,,,,,,,,,,,,,,,,,,,,,,,,,,,,,,,,,,,,,,,,,,,,,,,,,,,,,,,,,,,,,,,,,,,,,,,,,,,,,,,,,,,,,,,,,,,,,,,,,,,,,,,,,,,,,,,,,,,,,,,,,,,,,,,,,,,,,,,,,,,,,,,,,,,,,,,,,,,,,,,,,,,,,,,,,,,,,,,,,,,,,,,,,,,,,,,,,,,,,,,,,,,,,,,,,,,,,,,,,,,,,,,,,,,,,,,,,,,,,,,,,,,,,,,,,,,,,,,,,,,,,,,,,,,,,,,,,,,,,,,,,,,,,,,,,,,,,,,,,,,,,,,,,,,,,,,,,,,,,,,,,,,,,,,,,,,,,,,,,,,,,,,,,,,"12,045,219,000",,,,,,,,,,,,,,,,,,,,,,,,,,,,,,,,,,,,,,,,,,,,,,,,,,,,,,,,,,,,,,,,,,,,,,,,,,,,,,,,,,,,,,,,,,,,,,,,,,,,,,,,,,,,,,,,,,,,,,,,,,,,,,,,,,,,,,,,,,,,,,,,,,,,,,,,,,,,,,,,,,,,,,,,,,,,,,,,,,,,,,,,,,,,,,,,,,,,,,,,,,,,,,,,,,,,,,,,,,,,,,,,,,,,,,,,,,,,,,,,,,,,,,,,,,,,,,,,,,,,,,,,,,,,,,,,,,,,,,,,,,,,,,,,,,,,,,,,,,,,,,,,,,,,,,,,,,,,,,,,,,,,,,,,,,,,,,,,,,,,,,,,,,,,,,,,,,,,,,,,,
,,,Gain (loss) arising from derecognition of financial assets measured at amortised cost,,,,,,,,,,,,,,,,,,,,,,,,,,,,,,,,,,,,,,,,,,,,,,,,,,,,,,,,,,,,,,,,,,,,,,,,,,,,,,,,,,,,,,,,,,,,,,,,,,,,,,,,,,,,,,,,,,,,,,,,,,,,,,,,,,,,,,,,,,,,,,,,,,,,,,,,,,,,,,,,,,,,,,,,,,,,,,,,,,,,,,,,,,,,,,,,,,,,,,,,,,,,,,,,,,,,,,,,,,,,,,,,,,,,,,,,,,,,,,,,,,,,,,,,,,,,,,,,,,,,,,,,,,,,,,,,,,,,,,,,,,,,,,,,,,,,,,,,,,,,,,,,,,,,,,,,,,,,,,,,,,,,,,,,,,,,,,,,,,,,,,,,,,,,,,,,,,,,,,,,,,,,,,,,,,,,,,,,,,,,,,,,,,,,,,,,,,,,,,,,,,,,,,,,,,,,,,,,,,,,,,,,,,,,,,,,,,,,,,,,,,,,,,,,,,,,,,,,,,,,,,,,,,,,,,,,,,,,,,,,,,,,,,,,,,,,,,,,,,,,,,,,,,,,,,,,,,,,,,,,,,,,,,,,,,,,,,,,,,,,,,,,,,,,,,,,,,,,,,,,,,,,,,,,,,,,,,,,,,,,,,,,,,,,,,,,,,,,,,,,,,,,,,,,,,,,,,,,,,,,,,,,,,,,,,,,,,,,,,,,,,,,,,,,,,,,,,,,,,,,,,,,,,,,,,,,,,,,,,,,,,,,,,,,,,,,,,,,,,,,,,,,,,,,,,,,,,,,,,,,,,,,,,,,,,,,,,,,,,,,,,,,,,,,,,,,,,,,,,,,,,,,,,,,,,,,,,,,,,,,,,,,,,,,,,,,,,,,,,,,,,,,,,,,,,,,,,,,,,,,,,
,,,Finance income,,,,,,,,,,,,,,,,,,,,,,,,,,,,,,,,,,,,,,,,,,,,,,,,,,,,,,,,,,,,,,,,,,,,"538,861,000",,,,,,,,,,,,,,,,,,,,,,,,,,,,,,,,,,,,,,,,,,,,,,,,,,,,,,,,,,,,,,,,,,,,,,,,,,,,,,,,,,,,,,,,,,,,,,,,,,,,,,,,,,,,,,,,,,,,,,,,,,,,,,,,,,,,,,,,,,,,,,,,,,,,,,,,,,,,,,,,,,,,,,,,,,,,,,,,,,,,,,,,,,,,,,,,,,,,,,,,,,,,,,,,,,,,,,,,,,,,,,,,,,,,,,,,,,,,,,,,,,,,,,,,,,,,,,,,,,,,,,,,,,,,,,,,,,,,,,,,,,,,,,,,,,,,,,,,,,,,,,,,,,,,,,,,,,,,,,,,,,,,,,,,,,,,,,,,,,,,,,,,,,,,,,,,,,,,,,,,,,,,,,,,,,,,,,,,,,,,,,,,,,,,,,,,,"803,257,000",,,,,,,,,,,,,,,,,,,,,,,,,,,,,,,,,,,,,,,,,,,,,,,,,,,,,,,,,,,,,,,,,,,,,,,,,,,,,,,,,,,,,,,,,,,,,,,,,,,,,,,,,,,,,,,,,,,,,,,,,,,,,,,,,,,,,,,,,,,,,,,,,,,,,,,,,,,,,,,,,,,,,,,,,,,,,,,,,,,,,,,,,,,,,,,,,,,,,,,,,,,,,,,,,,,,,,,,,,,,,,,,,,,,,,,,,,,,,,,,,,,,,,,,,,,,,,,,,,,,,,,,,,,,,,,,,,,,,,,,,,,,,,,,,,,,,,,,,,,,,,,,,,,,,,,,,,,,,,,,,,,,,,,,,,,,,,,,,,,,,,,,,,,,,,,,,,,,,,,,,
,,,Finance costs,,,,,,,,,,,,,,,,,,,,,,,,,,,,,,,,,,,,,,,,,,,,,,,,,,,,,,,,,,,,,,,,,,,,"2,349,405,000",,,,,,,,,,,,,,,,,,,,,,,,,,,,,,,,,,,,,,,,,,,,,,,,,,,,,,,,,,,,,,,,,,,,,,,,,,,,,,,,,,,,,,,,,,,,,,,,,,,,,,,,,,,,,,,,,,,,,,,,,,,,,,,,,,,,,,,,,,,,,,,,,,,,,,,,,,,,,,,,,,,,,,,,,,,,,,,,,,,,,,,,,,,,,,,,,,,,,,,,,,,,,,,,,,,,,,,,,,,,,,,,,,,,,,,,,,,,,,,,,,,,,,,,,,,,,,,,,,,,,,,,,,,,,,,,,,,,,,,,,,,,,,,,,,,,,,,,,,,,,,,,,,,,,,,,,,,,,,,,,,,,,,,,,,,,,,,,,,,,,,,,,,,,,,,,,,,,,,,,,,,,,,,,,,,,,,,,,,,,,,,,,,,,,,,,,"5,197,649,000",,,,,,,,,,,,,,,,,,,,,,,,,,,,,,,,,,,,,,,,,,,,,,,,,,,,,,,,,,,,,,,,,,,,,,,,,,,,,,,,,,,,,,,,,,,,,,,,,,,,,,,,,,,,,,,,,,,,,,,,,,,,,,,,,,,,,,,,,,,,,,,,,,,,,,,,,,,,,,,,,,,,,,,,,,,,,,,,,,,,,,,,,,,,,,,,,,,,,,,,,,,,,,,,,,,,,,,,,,,,,,,,,,,,,,,,,,,,,,,,,,,,,,,,,,,,,,,,,,,,,,,,,,,,,,,,,,,,,,,,,,,,,,,,,,,,,,,,,,,,,,,,,,,,,,,,,,,,,,,,,,,,,,,,,,,,,,,,,,,,,,,,,,,,,,,,,,,,,,,,,
,,,Impairment gain and reversal of impairment loss (impairment loss) determined in accordance with IFRS 9,,,,,,,,,,,,,,,,,,,,,,,,,,,,,,,,,,,,,,,,,,,,,,,,,,,,,,,,,,,,,,,,,,,,,,,,,,,,,,,,,,,,,,,,,,,,,,,,,,,,,,,,,,,,,,,,,,,,,,,,,,,,,,,,,,,,,,,,,,,,,,,,,,,,,,,,,,,,,,,,,,,,,,,,,,,,,,,,,,,,,,,,,,,,,,,,,,,,,,,,,,,,,,,,,,,,,,,,,,,,,,,,,,,,,,,,,,,,,,,,,,,,,,,,,,,,,,,,,,,,,,,,,,,,,,,,,,,,,,,,,,,,,,,,,,,,,,,,,,,,,,,,,,,,,,,,,,,,,,,,,,,,,,,,,,,,,,,,,,,,,,,,,,,,,,,,,,,,,,,,,,,,,,,,,,,,,,,,,,,,,,,,,,,,,,,,,,,,,,,,,,,,,,,,,,,,,,,,,,,,,,,,,,,,,,,,,,,,,,,,,,,,,,,,,,,,,,,,,,,,,,,,,,,,,,,,,,,,,,,,,,,,,,,,,,,,,,,,,,,,,,,,,,,,,,,,,,,,,,,,,,,,,,,,,,,,,,,,,,,,,,,,,,,,,,,,,,,,,,,,,,,,,,,,,,,,,,,,,,,,,,,,,,,,,,,,,,,,,,,,,,,,,,,,,,,,,,,,,,,,,,,,,,,,,,,,,,,,,,,,,,,,,,,,,,,,,,,,,,,,,,,,,,,,,,,,,,,,,,,,,,,,,,,,,,,,,,,,,,,,,,,,,,,,,,,,,,,,,,,,,,,,,,,,,,,,,,,,,,,,,,,,,,,,,,,,,,,,,,,,,,,,,,,,,,,,,,,,,,,,,,,,,,,,,,,,,,,,,,,,,,,,,,,,,,,,,,,,,,,,,,
,,,Share of profit (loss) of associates and joint ventures accounted for using equity method,,,,,,,,,,,,,,,,,,,,,,,,,,,,,,,,,,,,,,,,,,,,,,,,,,,,,,,,,,,,,,,,,,,,"766,920,000",,,,,,,,,,,,,,,,,,,,,,,,,,,,,,,,,,,,,,,,,,,,,,,,,,,,,,,,,,,,,,,,,,,,,,,,,,,,,,,,,,,,,,,,,,,,,,,,,,,,,,,,,,,,,,,,,,,,,,,,,,,,,,,,,,,,,,,,,,,,,,,,,,,,,,,,,,,,,,,,,,,,,,,,,,,,,,,,,,,,,,,,,,,,,,,,,,,,,,,,,,,,,,,,,,,,,,,,,,,,,,,,,,,,,,,,,,,,,,,,,,,,,,,,,,,,,,,,,,,,,,,,,,,,,,,,,,,,,,,,,,,,,,,,,,,,,,,,,,,,,,,,,,,,,,,,,,,,,,,,,,,,,,,,,,,,,,,,,,,,,,,,,,,,,,,,,,,,,,,,,,,,,,,,,,,,,,,,,,,,,,,,,,,,,,,,,"1,559,864,000",,,,,,,,,,,,,,,,,,,,,,,,,,,,,,,,,,,,,,,,,,,,,,,,,,,,,,,,,,,,,,,,,,,,,,,,,,,,,,,,,,,,,,,,,,,,,,,,,,,,,,,,,,,,,,,,,,,,,,,,,,,,,,,,,,,,,,,,,,,,,,,,,,,,,,,,,,,,,,,,,,,,,,,,,,,,,,,,,,,,,,,,,,,,,,,,,,,,,,,,,,,,,,,,,,,,,,,,,,,,,,,,,,,,,,,,,,,,,,,,,,,,,,,,,,,,,,,,,,,,,,,,,,,,,,,,,,,,,,,,,,,,,,,,,,,,,,,,,,,,,,,,,,,,,,,,,,,,,,,,,,,,,,,,,,,,,,,,,,,,,,,,,,,,,,,,,,,,,,,,,
,,,Foreign exchange gain (loss),,,,,,,,,,,,,,,,,,,,,,,,,,,,,,,,,,,,,,,,,,,,,,,,,,,,,,,,,,,,,,,,,,,,"-379,867,000",,,,,,,,,,,,,,,,,,,,,,,,,,,,,,,,,,,,,,,,,,,,,,,,,,,,,,,,,,,,,,,,,,,,,,,,,,,,,,,,,,,,,,,,,,,,,,,,,,,,,,,,,,,,,,,,,,,,,,,,,,,,,,,,,,,,,,,,,,,,,,,,,,,,,,,,,,,,,,,,,,,,,,,,,,,,,,,,,,,,,,,,,,,,,,,,,,,,,,,,,,,,,,,,,,,,,,,,,,,,,,,,,,,,,,,,,,,,,,,,,,,,,,,,,,,,,,,,,,,,,,,,,,,,,,,,,,,,,,,,,,,,,,,,,,,,,,,,,,,,,,,,,,,,,,,,,,,,,,,,,,,,,,,,,,,,,,,,,,,,,,,,,,,,,,,,,,,,,,,,,,,,,,,,,,,,,,,,,,,,,,,,,,,,,,,,,"-374,166,000",,,,,,,,,,,,,,,,,,,,,,,,,,,,,,,,,,,,,,,,,,,,,,,,,,,,,,,,,,,,,,,,,,,,,,,,,,,,,,,,,,,,,,,,,,,,,,,,,,,,,,,,,,,,,,,,,,,,,,,,,,,,,,,,,,,,,,,,,,,,,,,,,,,,,,,,,,,,,,,,,,,,,,,,,,,,,,,,,,,,,,,,,,,,,,,,,,,,,,,,,,,,,,,,,,,,,,,,,,,,,,,,,,,,,,,,,,,,,,,,,,,,,,,,,,,,,,,,,,,,,,,,,,,,,,,,,,,,,,,,,,,,,,,,,,,,,,,,,,,,,,,,,,,,,,,,,,,,,,,,,,,,,,,,,,,,,,,,,,,,,,,,,,,,,,,,,,,,,,,,,
,,,Profit (loss) according to indexed unit,,,,,,,,,,,,,,,,,,,,,,,,,,,,,,,,,,,,,,,,,,,,,,,,,,,,,,,,,,,,,,,,,,,,"-753,674,000",,,,,,,,,,,,,,,,,,,,,,,,,,,,,,,,,,,,,,,,,,,,,,,,,,,,,,,,,,,,,,,,,,,,,,,,,,,,,,,,,,,,,,,,,,,,,,,,,,,,,,,,,,,,,,,,,,,,,,,,,,,,,,,,,,,,,,,,,,,,,,,,,,,,,,,,,,,,,,,,,,,,,,,,,,,,,,,,,,,,,,,,,,,,,,,,,,,,,,,,,,,,,,,,,,,,,,,,,,,,,,,,,,,,,,,,,,,,,,,,,,,,,,,,,,,,,,,,,,,,,,,,,,,,,,,,,,,,,,,,,,,,,,,,,,,,,,,,,,,,,,,,,,,,,,,,,,,,,,,,,,,,,,,,,,,,,,,,,,,,,,,,,,,,,,,,,,,,,,,,,,,,,,,,,,,,,,,,,,,,,,,,,,,,,,,,,"-2,885,055,000",,,,,,,,,,,,,,,,,,,,,,,,,,,,,,,,,,,,,,,,,,,,,,,,,,,,,,,,,,,,,,,,,,,,,,,,,,,,,,,,,,,,,,,,,,,,,,,,,,,,,,,,,,,,,,,,,,,,,,,,,,,,,,,,,,,,,,,,,,,,,,,,,,,,,,,,,,,,,,,,,,,,,,,,,,,,,,,,,,,,,,,,,,,,,,,,,,,,,,,,,,,,,,,,,,,,,,,,,,,,,,,,,,,,,,,,,,,,,,,,,,,,,,,,,,,,,,,,,,,,,,,,,,,,,,,,,,,,,,,,,,,,,,,,,,,,,,,,,,,,,,,,,,,,,,,,,,,,,,,,,,,,,,,,,,,,,,,,,,,,,,,,,,,,,,,,,,,,,,,,,
,,,Gains (losses) arising from difference between previous amortised cost and fair value of financial assets reclassified out of amortised cost into fair value through profit or loss measurement category,,,,,,,,,,,,,,,,,,,,,,,,,,,,,,,,,,,,,,,,,,,,,,,,,,,,,,,,,,,,,,,,,,,,,,,,,,,,,,,,,,,,,,,,,,,,,,,,,,,,,,,,,,,,,,,,,,,,,,,,,,,,,,,,,,,,,,,,,,,,,,,,,,,,,,,,,,,,,,,,,,,,,,,,,,,,,,,,,,,,,,,,,,,,,,,,,,,,,,,,,,,,,,,,,,,,,,,,,,,,,,,,,,,,,,,,,,,,,,,,,,,,,,,,,,,,,,,,,,,,,,,,,,,,,,,,,,,,,,,,,,,,,,,,,,,,,,,,,,,,,,,,,,,,,,,,,,,,,,,,,,,,,,,,,,,,,,,,,,,,,,,,,,,,,,,,,,,,,,,,,,,,,,,,,,,,,,,,,,,,,,,,,,,,,,,,,,,,,,,,,,,,,,,,,,,,,,,,,,,,,,,,,,,,,,,,,,,,,,,,,,,,,,,,,,,,,,,,,,,,,,,,,,,,,,,,,,,,,,,,,,,,,,,,,,,,,,,,,,,,,,,,,,,,,,,,,,,,,,,,,,,,,,,,,,,,,,,,,,,,,,,,,,,,,,,,,,,,,,,,,,,,,,,,,,,,,,,,,,,,,,,,,,,,,,,,,,,,,,,,,,,,,,,,,,,,,,,,,,,,,,,,,,,,,,,,,,,,,,,,,,,,,,,,,,,,,,,,,,,,,,,,,,,,,,,,,,,,,,,,,,,,,,,,,,,,,,,,,,,,,,,,,,,,,,,,,,,,,,,,,,,,,,,,,,,,,,,,,,,,,,,,,,,,,,,,,,,,,,,,,,,,,,,,,,,,,,,,,,,,,,,,,,,,,,,,,,,,,,,,,,,,,,,,,,,,,,,,,,,,,,
,,,Cumulative gain (loss) previously recognised in other comprehensive income arising from reclassification of financial assets out of fair value through other comprehensive income into fair value through profit or loss measurement category,,,,,,,,,,,,,,,,,,,,,,,,,,,,,,,,,,,,,,,,,,,,,,,,,,,,,,,,,,,,,,,,,,,,,,,,,,,,,,,,,,,,,,,,,,,,,,,,,,,,,,,,,,,,,,,,,,,,,,,,,,,,,,,,,,,,,,,,,,,,,,,,,,,,,,,,,,,,,,,,,,,,,,,,,,,,,,,,,,,,,,,,,,,,,,,,,,,,,,,,,,,,,,,,,,,,,,,,,,,,,,,,,,,,,,,,,,,,,,,,,,,,,,,,,,,,,,,,,,,,,,,,,,,,,,,,,,,,,,,,,,,,,,,,,,,,,,,,,,,,,,,,,,,,,,,,,,,,,,,,,,,,,,,,,,,,,,,,,,,,,,,,,,,,,,,,,,,,,,,,,,,,,,,,,,,,,,,,,,,,,,,,,,,,,,,,,,,,,,,,,,,,,,,,,,,,,,,,,,,,,,,,,,,,,,,,,,,,,,,,,,,,,,,,,,,,,,,,,,,,,,,,,,,,,,,,,,,,,,,,,,,,,,,,,,,,,,,,,,,,,,,,,,,,,,,,,,,,,,,,,,,,,,,,,,,,,,,,,,,,,,,,,,,,,,,,,,,,,,,,,,,,,,,,,,,,,,,,,,,,,,,,,,,,,,,,,,,,,,,,,,,,,,,,,,,,,,,,,,,,,,,,,,,,,,,,,,,,,,,,,,,,,,,,,,,,,,,,,,,,,,,,,,,,,,,,,,,,,,,,,,,,,,,,,,,,,,,,,,,,,,,,,,,,,,,,,,,,,,,,,,,,,,,,,,,,,,,,,,,,,,,,,,,,,,,,,,,,,,,,,,,,,,,,,,,,,,,,,,,,,,,,,,,,,,,,,,,,,,,,,,,,,,,,,,,,,,,,,,,,,,
,,,Hedging gains (losses) for hedge of group of items with offsetting risk positions,,,,,,,,,,,,,,,,,,,,,,,,,,,,,,,,,,,,,,,,,,,,,,,,,,,,,,,,,,,,,,,,,,,,,,,,,,,,,,,,,,,,,,,,,,,,,,,,,,,,,,,,,,,,,,,,,,,,,,,,,,,,,,,,,,,,,,,,,,,,,,,,,,,,,,,,,,,,,,,,,,,,,,,,,,,,,,,,,,,,,,,,,,,,,,,,,,,,,,,,,,,,,,,,,,,,,,,,,,,,,,,,,,,,,,,,,,,,,,,,,,,,,,,,,,,,,,,,,,,,,,,,,,,,,,,,,,,,,,,,,,,,,,,,,,,,,,,,,,,,,,,,,,,,,,,,,,,,,,,,,,,,,,,,,,,,,,,,,,,,,,,,,,,,,,,,,,,,,,,,,,,,,,,,,,,,,,,,,,,,,,,,,,,,,,,,,,,,,,,,,,,,,,,,,,,,,,,,,,,,,,,,,,,,,,,,,,,,,,,,,,,,,,,,,,,,,,,,,,,,,,,,,,,,,,,,,,,,,,,,,,,,,,,,,,,,,,,,,,,,,,,,,,,,,,,,,,,,,,,,,,,,,,,,,,,,,,,,,,,,,,,,,,,,,,,,,,,,,,,,,,,,,,,,,,,,,,,,,,,,,,,,,,,,,,,,,,,,,,,,,,,,,,,,,,,,,,,,,,,,,,,,,,,,,,,,,,,,,,,,,,,,,,,,,,,,,,,,,,,,,,,,,,,,,,,,,,,,,,,,,,,,,,,,,,,,,,,,,,,,,,,,,,,,,,,,,,,,,,,,,,,,,,,,,,,,,,,,,,,,,,,,,,,,,,,,,,,,,,,,,,,,,,,,,,,,,,,,,,,,,,,,,,,,,,,,,,,,,,,,,,,,,,,,,,,,,,,,,,,,,,
,,,Profit (loss) before tax,,,,,,,,,,,,,,,,,,,,,,,,,,,,,,,,,,,,,,,,,,,,,,,,,,,,,,,,,,,,,,,,,,,,"2,912,788,000",,,"7,898,316,000",,,,,"7,898,316,000",,,"7,898,316,000",,,,,,,,"-3,952,575,000","3,678,892,000","-1,440,401,000","9,612,400,000",,,,,,,,,,,,,,,,,,,,,,,,,,,,,,,,,,,,,,,,,,,,,,,,,,,,,,,,,,,,,,,,,,,,,,,,,,,,,,,,,,,,,,,,,,,,,,,,,,,,,,,,,,,,,,,,,,,,,,,,,,,,,,,,,,,,,,,,,,,,,,,,,,,,,,,,,,,,,,,,,,,,,,,,,,,,,,,,,,,,,,,,,,,,,,,,,,,,,,,,,,,,,,,,,,,,,,,,,,,,,,,,,,,,,,,,,,,,,,,,,,,,,,,,,,,,,,,,,,,,,,,,,,,,,,,,,,,,,,,,,,,,,,,,,,,,,,,,,,,,,,,,,,,,,,,,,,,,,,,,,,,,,,,,,,,,,,,,,,,,,,,,,,,,,,,,,,,,,,,,,,,,,,,,,,,"5,951,470,000",,,,,,,,,,,,,,,,"13,023,278,000",,,,,,,,,,,,,,,,,,,,,,,,,,,,,,,,,,,,,,,,,"13,023,278,000",,,,,,,,,,,,"13,023,278,000",,,,,,,,,,,,,,,,,,,,,,,,,,,,,,,,,,,,,,,,,,,,,,,,,,,,,,,,,,,,,,,,,,,,,,,,,,,,,,,,,,,,,,,,,,,,,,,,,,,,,,,,,,,,,,,,,,,,,,,,,,,,,,,,,,,,,,,,,,,,,,,,,,,,,,,,,,,,,,,,,,,,,,,,,,,,,,,,,,,,,,,,,,,,,,,,,,,,,,,,,,,,,,,,,,,,,,,,,,,,,,,,,,,,,,,,,,,,,,,,,,,,,,"-3,958,389,000","4,941,733,000","-998,027,000","13,037,961,000",,,,,,,,,,,,,,,,,,,,,,,,,,,,,,,,,,,,,,,,,,,
,,,Tax expense (income),,,,,,,,,,,,,,,,,,,,,,,,,,,,,,,,,,,,,,,,,,,,,,,,,,,,,,,,,,,,,,,,,,,,"842,723,000",,,,,,,,"2,560,079,000",,,"2,560,079,000",,,,,,,,"-359,280,000","710,101,000","-145,114,000","2,354,372,000",,,,,,,,,,,,,,,,,,,,,,,,,,,,,,,,,,,,,,,,,,,,,,,,,,,,,,,,,,,,,,,,,,,,,,,,,,,,,,,,,,,,,,,,,,,,,,,,,,,,,,,,,,,,,,,,,,,,,,,,,,,,,,,,,,,,,,,,,,,,,,,,,,,,,,,,,,,,,,,,,,,,,,,,,,,,,,,,,,,,,,,,,,,,,,,,,,,,,,,,,,,,,,,,,,,,,,,,,,,,,,,,,,,,,,,,,,,,,,,,,,,,,,,,,,,,,,,,,,,,,,,,,,,,,,,,,,,,,,,,,,,,,,,,,,,,,,,,,,,,,,,,,,,,,,,,,,,,,,,,,,,,,,,,,,,,,,,,,,,,,,,,,,,,,,,,,,,,,,,,,,,,,,,,,,,"1,540,685,000",,,,,,,,,,,,,,,,,,,,,,,,,,,,,,,,,,,,,,,,,,,,,,,,,,,,,,,,,"2,879,620,000",,,,,,,,,,,,"2,879,620,000",,,,,,,,,,,,,,,,,,,,,,,,,,,,,,,,,,,,,,,,,,,,,,,,,,,,,,,,,,,,,,,,,,,,,,,,,,,,,,,,,,,,,,,,,,,,,,,,,,,,,,,,,,,,,,,,,,,,,,,,,,,,,,,,,,,,,,,,,,,,,,,,,,,,,,,,,,,,,,,,,,,,,,,,,,,,,,,,,,,,,,,,,,,,,,,,,,,,,,,,,,,,,,,,,,,,,,,,,,,,,,,,,,,,,,,,,,,,,,,,,,,,,,"-755,071,000","789,715,000","89,433,000","2,755,543,000",,,,,,,,,,,,,,,,,,,,,,,,,,,,,,,,,,,,,,,,,,,
,,,Profit (loss) from continuing operations,,,,,,,,,,,,,,,,,,,,,,,,,,,,,,,,,,,,,,,,,,,,,,,,,,,,,,,,,,,,,,,,,,,,"2,070,065,000",,,,,,,,"5,338,237,000",,,"5,338,237,000",,,,,,,,"-3,593,295,000","2,968,791,000","-1,295,287,000","7,258,028,000",,,,,,,,,,,,,,,,,,,,,,,,,,,,,,,,,,,,,,,,,,,,,,,,,,,,,,,,,,,,,,,,,,,,,,,,,,,,,,,,,,,,,,,,,,,,,,,,,,,,,,,,,,,,,,,,,,,,,,,,,,,,,,,,,,,,,,,,,,,,,,,,,,,,,,,,,,,,,,,,,,,,,,,,,,,,,,,,,,,,,,,,,,,,,,,,,,,,,,,,,,,,,,,,,,,,,,,,,,,,,,,,,,,,,,,,,,,,,,,,,,,,,,,,,,,,,,,,,,,,,,,,,,,,,,,,,,,,,,,,,,,,,,,,,,,,,,,,,,,,,,,,,,,,,,,,,,,,,,,,,,,,,,,,,,,,,,,,,,,,,,,,,,,,,,,,,,,,,,,,,,,,,,,,,,,"4,410,785,000",,,,,,,,,,,,,,,,,,,,,,,,,,,,,,,,,,,,,,,,,,,,,,,,,,,,,,,,,"10,143,658,000",,,,,,,,,,,,"10,143,658,000",,,,,,,,,,,,,,,,,,,,,,,,,,,,,,,,,,,,,,,,,,,,,,,,,,,,,,,,,,,,,,,,,,,,,,,,,,,,,,,,,,,,,,,,,,,,,,,,,,,,,,,,,,,,,,,,,,,,,,,,,,,,,,,,,,,,,,,,,,,,,,,,,,,,,,,,,,,,,,,,,,,,,,,,,,,,,,,,,,,,,,,,,,,,,,,,,,,,,,,,,,,,,,,,,,,,,,,,,,,,,,,,,,,,,,,,,,,,,,,,,,,,,,"-3,203,318,000","4,152,018,000","-1,087,460,000","10,282,418,000",,,,,,,,,,,,,,,,,,,,,,,,,,,,,,,,,,,,,,,,,,,
,,,Profit (loss) from discontinued operations,,,,,,,,,,,,,,,,,,,,,,,,,,,,,,,,,,,,,,,,,,,,,,,,,,,,,,,,,,,,,,,,,,,,,,,,,,,,,,,,,,,,,,,,,,,,,,,,,,,,,,,,,,,,,,,,,,,,,,,,,,,,,,,,,,,,,,,,,,,,,,,,,,,,,,,,,,,,,,,,,,,,,,,,,,,,,,,,,,,,,,,,,,,,,,,,,,,,,,,,,,,,,,,,,,,,,,,,,,,,,,,,,,,,,,,,,,,,,,,,,,,,,,,,,,,,,,,,,,,,,,,,,,,,,,,,,,,,,,,,,,,,,,,,,,,,,,,,,,,,,,,,,,,,,,,,,,,,,,,,,,,,,,,,,,,,,,,,,,,,,,,,,,,,,,,,,,,,,,,,,,,,,,,,,,,,,,,,,,,,,,,,,,,,,,,,,,,,,,,,,,,,,,,,,,,,,,,,,,,,,,,,,,,,,,,,,,,,,,,,,,,,,,,,,,,,,,,,,,,,,,,,,,,,,,,,,,,,,,,,,,,,,,,,,,,,,,,,,,,,,,,,,,,,,,,,,,,,,,,,,,,,,,,,,,,,,,,,,,,,,,,,,,,,,,,,,,,,,,,,,,,,,,,,,,,,,,,,,,,,,,,,,,,,,,,,,,,,,,,,,,,,,,,,,,,,,,,,,,,,,,,,,,,,,,,,,,,,,,,,,,,,,,,,,,,,,,,,,,,,,,,,,,,,,,,,,,,,,,,,,,,,,,,,,,,,,,,,,,,,,,,,,,,,,,,,,,,,,,,,,,,,,,,,,,,,,,,,,,,,,,,,,,,,,,,,,,,,,,,,,,,,,,,,,,,,,,,,,,,,,,,,,,,,,,,,,,,,,,,,,,,,,,,,,,,,,,,,,,,,,,
,,,Profit (loss),,,,,,,,,,,,,,,,,,,,,,,,,,,,,,,,,,,,,,,,,,,,,,,,,,,,,,,,,,,,,,,,,,,,"5,338,237,000",,,,,"6,014,276,000",,"-676,039,000","5,338,237,000",,"6,014,276,000","5,338,237,000",,,,,,,,"-3,593,295,000","2,968,791,000","-1,295,287,000","7,258,028,000",,,,,,,,,,,,,,,,,,,,,,,,,,,,,,,,,,,,,,,,,,,,,,,,,,,,,,,,,,,,,,,,,,,,,,,,,,,,,,,,,,,,,,,,,,,,,,,,,,,,,,,,,,,,,,,,,,,,,,,,,,,,,,,,,,,,,,,,,,,,,,,,,,,,,,,,,,,,,,,,,,,,,,,,,,,,,,,,,,,,,,,,,,,,,,,,,,,,,,,,,,,,,,,,,,,,,,,,,,,,,,,,,,,,,,,,,,,,,,,,,,,,,,,,,,,,,,,,,,,,,,,,,,,,,,,,,,,,,,,,,,,,,,,,,,,,,,,,,,,,,,,,,,,,,,,,,,,,,,,,,,,,,,,,,,,,,,,,,,,,,,,,,,,,,,,,,,,,,,,,,,,,,,,,,,,"10,143,658,000",,,,,,,,,,,,,,,,,,,"9,114,356,000",,,,,,,,,,,,,,,,,,,,,,,,,,,,,,,,,,,,,"1,029,302,000","10,143,658,000",,,,,,,,,"9,114,356,000",,,"10,143,658,000",,,,,,,,,,,,,,,,,,,,,,,,,,,,,,,,,,,,,,,,,,,,,,,,,,,,,,,,,,,,,,,,,,,,,,,,,,,,,,,,,,,,,,,,,,,,,,,,,,,,,,,,,,,,,,,,,,,,,,,,,,,,,,,,,,,,,,,,,,,,,,,,,,,,,,,,,,,,,,,,,,,,,,,,,,,,,,,,,,,,,,,,,,,,,,,,,,,,,,,,,,,,,,,,,,,,,,,,,,,,,,,,,,,,,,,,,,,,,,,,,,,,,,"-3,203,318,000","4,152,018,000","-1,087,460,000","10,282,418,000",,,,,,,,,,,,,,,,,,,,,,,,,,,,,,,,,,,,,,,,,,,
,,"Profit (loss), attributable to [abstract]",,,,,,,,,,,,,,,,,,,,,,,,,,,,,,,,,,,,,,,,,,,,,,,,,,,,,,,,,,,,,,,,,,,,,,,,,,,,,,,,,,,,,,,,,,,,,,,,,,,,,,,,,,,,,,,,,,,,,,,,,,,,,,,,,,,,,,,,,,,,,,,,,,,,,,,,,,,,,,,,,,,,,,,,,,,,,,,,,,,,,,,,,,,,,,,,,,,,,,,,,,,,,,,,,,,,,,,,,,,,,,,,,,,,,,,,,,,,,,,,,,,,,,,,,,,,,,,,,,,,,,,,,,,,,,,,,,,,,,,,,,,,,,,,,,,,,,,,,,,,,,,,,,,,,,,,,,,,,,,,,,,,,,,,,,,,,,,,,,,,,,,,,,,,,,,,,,,,,,,,,,,,,,,,,,,,,,,,,,,,,,,,,,,,,,,,,,,,,,,,,,,,,,,,,,,,,,,,,,,,,,,,,,,,,,,,,,,,,,,,,,,,,,,,,,,,,,,,,,,,,,,,,,,,,,,,,,,,,,,,,,,,,,,,,,,,,,,,,,,,,,,,,,,,,,,,,,,,,,,,,,,,,,,,,,,,,,,,,,,,,,,,,,,,,,,,,,,,,,,,,,,,,,,,,,,,,,,,,,,,,,,,,,,,,,,,,,,,,,,,,,,,,,,,,,,,,,,,,,,,,,,,,,,,,,,,,,,,,,,,,,,,,,,,,,,,,,,,,,,,,,,,,,,,,,,,,,,,,,,,,,,,,,,,,,,,,,,,,,,,,,,,,,,,,,,,,,,,,,,,,,,,,,,,,,,,,,,,,,,,,,,,,,,,,,,,,,,,,,,,,,,,,,,,,,,,,,,,,,,,,,,,,,,,,,,,,,,,,,,,,,,,,,,,,,,,,,,,,,,,,,,
,,,"Profit (loss), attributable to owners of parent",,,,,,,,,,,,,,,,,,,,,,,,,,,,,,,,,,,,,,,,,,,,,,,,,,,,,,,,,,,,,,,,,,,,"2,530,959,000",,,,,,,,,,,,,,,,,,,,,,,,,,,,,,,,,,,,,,,,,,,,,,,,,,,,,,,,,,,,,,,,,,,,,,,,,,,,,,,,,,,,,,,,,,,,,,,,,,,,,,,,,,,,,,,,,,,,,,,,,,,,,,,,,,,,,,,,,,,,,,,,,,,,,,,,,,,,,,,,,,,,,,,,,,,,,,,,,,,,,,,,,,,,,,,,,,,,,,,,,,,,,,,,,,,,,,,,,,,,,,,,,,,,,,,,,,,,,,,,,,,,,,,,,,,,,,,,,,,,,,,,,,,,,,,,,,,,,,,,,,,,,,,,,,,,,,,,,,,,,,,,,,,,,,,,,,,,,,,,,,,,,,,,,,,,,,,,,,,,,,,,,,,,,,,,,,,,,,,,,,,,,,,,,,,,,,,,,,,,,,,,,,,,,,,,,"3,593,272,000",,,,,,,,,,,,,,,,,,,,,,,,,,,,,,,,,,,,,,,,,,,,,,,,,,,,,,,,,,,,,,,,,,,,,,,,,,,,,,,,,,,,,,,,,,,,,,,,,,,,,,,,,,,,,,,,,,,,,,,,,,,,,,,,,,,,,,,,,,,,,,,,,,,,,,,,,,,,,,,,,,,,,,,,,,,,,,,,,,,,,,,,,,,,,,,,,,,,,,,,,,,,,,,,,,,,,,,,,,,,,,,,,,,,,,,,,,,,,,,,,,,,,,,,,,,,,,,,,,,,,,,,,,,,,,,,,,,,,,,,,,,,,,,,,,,,,,,,,,,,,,,,,,,,,,,,,,,,,,,,,,,,,,,,,,,,,,,,,,,,,,,,,,,,,,,,,,,,,,,,,
,,,"Profit (loss), attributable to non-controlling interests",,,,,,,,,,,,,,,,,,,,,,,,,,,,,,,,,,,,,,,,,,,,,,,,,,,,,,,,,,,,,,,,,,,,"-460,894,000",,,,,,,,,,,,,,,,,,,,,,,,,,,,,,,,,,,,,,,,,,,,,,,,,,,,,,,,,,,,,,,,,,,,,,,,,,,,,,,,,,,,,,,,,,,,,,,,,,,,,,,,,,,,,,,,,,,,,,,,,,,,,,,,,,,,,,,,,,,,,,,,,,,,,,,,,,,,,,,,,,,,,,,,,,,,,,,,,,,,,,,,,,,,,,,,,,,,,,,,,,,,,,,,,,,,,,,,,,,,,,,,,,,,,,,,,,,,,,,,,,,,,,,,,,,,,,,,,,,,,,,,,,,,,,,,,,,,,,,,,,,,,,,,,,,,,,,,,,,,,,,,,,,,,,,,,,,,,,,,,,,,,,,,,,,,,,,,,,,,,,,,,,,,,,,,,,,,,,,,,,,,,,,,,,,,,,,,,,,,,,,,,,,,,,,,,"817,513,000",,,,,,,,,,,,,,,,,,,,,,,,,,,,,,,,,,,,,,,,,,,,,,,,,,,,,,,,,,,,,,,,,,,,,,,,,,,,,,,,,,,,,,,,,,,,,,,,,,,,,,,,,,,,,,,,,,,,,,,,,,,,,,,,,,,,,,,,,,,,,,,,,,,,,,,,,,,,,,,,,,,,,,,,,,,,,,,,,,,,,,,,,,,,,,,,,,,,,,,,,,,,,,,,,,,,,,,,,,,,,,,,,,,,,,,,,,,,,,,,,,,,,,,,,,,,,,,,,,,,,,,,,,,,,,,,,,,,,,,,,,,,,,,,,,,,,,,,,,,,,,,,,,,,,,,,,,,,,,,,,,,,,,,,,,,,,,,,,,,,,,,,,,,,,,,,,,,,,,,,,
,,,Profit (loss),,,,,,,,,,,,,,,,,,,,,,,,,,,,,,,,,,,,,,,,,,,,,,,,,,,,,,,,,,,,,,,,,,,,"5,338,237,000",,,,,"6,014,276,000",,"-676,039,000","5,338,237,000",,"6,014,276,000","5,338,237,000",,,,,,,,"-3,593,295,000","2,968,791,000","-1,295,287,000","7,258,028,000",,,,,,,,,,,,,,,,,,,,,,,,,,,,,,,,,,,,,,,,,,,,,,,,,,,,,,,,,,,,,,,,,,,,,,,,,,,,,,,,,,,,,,,,,,,,,,,,,,,,,,,,,,,,,,,,,,,,,,,,,,,,,,,,,,,,,,,,,,,,,,,,,,,,,,,,,,,,,,,,,,,,,,,,,,,,,,,,,,,,,,,,,,,,,,,,,,,,,,,,,,,,,,,,,,,,,,,,,,,,,,,,,,,,,,,,,,,,,,,,,,,,,,,,,,,,,,,,,,,,,,,,,,,,,,,,,,,,,,,,,,,,,,,,,,,,,,,,,,,,,,,,,,,,,,,,,,,,,,,,,,,,,,,,,,,,,,,,,,,,,,,,,,,,,,,,,,,,,,,,,,,,,,,,,,,"10,143,658,000",,,,,,,,,,,,,,,,,,,"9,114,356,000",,,,,,,,,,,,,,,,,,,,,,,,,,,,,,,,,,,,,"1,029,302,000","10,143,658,000",,,,,,,,,"9,114,356,000",,,"10,143,658,000",,,,,,,,,,,,,,,,,,,,,,,,,,,,,,,,,,,,,,,,,,,,,,,,,,,,,,,,,,,,,,,,,,,,,,,,,,,,,,,,,,,,,,,,,,,,,,,,,,,,,,,,,,,,,,,,,,,,,,,,,,,,,,,,,,,,,,,,,,,,,,,,,,,,,,,,,,,,,,,,,,,,,,,,,,,,,,,,,,,,,,,,,,,,,,,,,,,,,,,,,,,,,,,,,,,,,,,,,,,,,,,,,,,,,,,,,,,,,,,,,,,,,,"-3,203,318,000","4,152,018,000","-1,087,460,000","10,282,418,000",,,,,,,,,,,,,,,,,,,,,,,,,,,,,,,,,,,,,,,,,,,
,,Earnings per share [text block],,,,,,,,,,,,,,,,,,,,,,,,,,,,,,,,,,,,,,,,,,,,,,,,,,,,,,,,,,,,,,,,,,,,,,,,,,,,,,,,,,,,,,,,,,,,,,,,,,,,,,,,,,,,,,,,,,,,,,,,,,,,,,,,,,,,,,,,,,,,,,,,,,,,,,,,,,,,,,,,,,,,,,,,,,,,,,,,,,,,,,,,,,,,,,,,,,,,,,,,,,,,,,,,,,,,,,,,,,,,,,,,,,,,,,,,,,,,,,,,,,,,,,,,,,,,,,,,,,,,,,,,,,,,,,,,,,,,,,,,,,,,,,,,,,,,,,,,,,,,,,,,,,,,,,,,,,,,,,,,,,,,,,,,,,,,,,,,,,,,,,,,,,,,,,,,,,,,,,,,,,,,,,,,,,,,,,,,,,,,,,,,,,,,,,,,,,,,,,,,,,,,,,,,,,,,,,,,,,,,,,,,,,,,,,,,,,,,,,,,,,,,,,,,,,,,,,,,,,,,,,,,,,,,,,,,,,,,,,,,,,,,,,,,,,,,,,,,,,,,,,,,,,,,,,,,,,,,,,,,,,,,,,,,,,,,,,,,,,,,,,,,,,,,,,,,,,,,,,,,,,,,,,,,,,,,,,,,,,,,,,,,,,,,,,,,,,,,,,,,,,,,,,,,,,,,,,,,,,,,,,,,,,,,,,,,,,,,,,,,,,,,,,,,,,,,,,,,,,,,,,,,,,,,,,,,,,,,,,,,,,,,,,,,,,,,,,,,,,,,,,,,,,,,,,,,,,,,,,,,,,,,,,,,,,,,,,,,,,,,,,,,,,,,,,,,,,,,,,,,,,,,,,,,,,,,,,,,,,,,,,,,,,,,,,,,,,,,,,,,,,,,,,,,,,,,,,,,,,,,,,,
,,,Earnings per share [abstract],,,,,,,,,,,,,,,,,,,,,,,,,,,,,,,,,,,,,,,,,,,,,,,,,,,,,,,,,,,,,,,,,,,,,,,,,,,,,,,,,,,,,,,,,,,,,,,,,,,,,,,,,,,,,,,,,,,,,,,,,,,,,,,,,,,,,,,,,,,,,,,,,,,,,,,,,,,,,,,,,,,,,,,,,,,,,,,,,,,,,,,,,,,,,,,,,,,,,,,,,,,,,,,,,,,,,,,,,,,,,,,,,,,,,,,,,,,,,,,,,,,,,,,,,,,,,,,,,,,,,,,,,,,,,,,,,,,,,,,,,,,,,,,,,,,,,,,,,,,,,,,,,,,,,,,,,,,,,,,,,,,,,,,,,,,,,,,,,,,,,,,,,,,,,,,,,,,,,,,,,,,,,,,,,,,,,,,,,,,,,,,,,,,,,,,,,,,,,,,,,,,,,,,,,,,,,,,,,,,,,,,,,,,,,,,,,,,,,,,,,,,,,,,,,,,,,,,,,,,,,,,,,,,,,,,,,,,,,,,,,,,,,,,,,,,,,,,,,,,,,,,,,,,,,,,,,,,,,,,,,,,,,,,,,,,,,,,,,,,,,,,,,,,,,,,,,,,,,,,,,,,,,,,,,,,,,,,,,,,,,,,,,,,,,,,,,,,,,,,,,,,,,,,,,,,,,,,,,,,,,,,,,,,,,,,,,,,,,,,,,,,,,,,,,,,,,,,,,,,,,,,,,,,,,,,,,,,,,,,,,,,,,,,,,,,,,,,,,,,,,,,,,,,,,,,,,,,,,,,,,,,,,,,,,,,,,,,,,,,,,,,,,,,,,,,,,,,,,,,,,,,,,,,,,,,,,,,,,,,,,,,,,,,,,,,,,,,,,,,,,,,,,,,,,,,,,,,,,,,,,,
,,,,Basic earnings per share [abstract],,,,,,,,,,,,,,,,,,,,,,,,,,,,,,,,,,,,,,,,,,,,,,,,,,,,,,,,,,,,,,,,,,,,,,,,,,,,,,,,,,,,,,,,,,,,,,,,,,,,,,,,,,,,,,,,,,,,,,,,,,,,,,,,,,,,,,,,,,,,,,,,,,,,,,,,,,,,,,,,,,,,,,,,,,,,,,,,,,,,,,,,,,,,,,,,,,,,,,,,,,,,,,,,,,,,,,,,,,,,,,,,,,,,,,,,,,,,,,,,,,,,,,,,,,,,,,,,,,,,,,,,,,,,,,,,,,,,,,,,,,,,,,,,,,,,,,,,,,,,,,,,,,,,,,,,,,,,,,,,,,,,,,,,,,,,,,,,,,,,,,,,,,,,,,,,,,,,,,,,,,,,,,,,,,,,,,,,,,,,,,,,,,,,,,,,,,,,,,,,,,,,,,,,,,,,,,,,,,,,,,,,,,,,,,,,,,,,,,,,,,,,,,,,,,,,,,,,,,,,,,,,,,,,,,,,,,,,,,,,,,,,,,,,,,,,,,,,,,,,,,,,,,,,,,,,,,,,,,,,,,,,,,,,,,,,,,,,,,,,,,,,,,,,,,,,,,,,,,,,,,,,,,,,,,,,,,,,,,,,,,,,,,,,,,,,,,,,,,,,,,,,,,,,,,,,,,,,,,,,,,,,,,,,,,,,,,,,,,,,,,,,,,,,,,,,,,,,,,,,,,,,,,,,,,,,,,,,,,,,,,,,,,,,,,,,,,,,,,,,,,,,,,,,,,,,,,,,,,,,,,,,,,,,,,,,,,,,,,,,,,,,,,,,,,,,,,,,,,,,,,,,,,,,,,,,,,,,,,,,,,,,,,,,,,,,,,,,,,,,,,,,,,,,,,,,,,,,,,,,,
,,,,,Basic earnings (loss) per share from continuing operations,,,,,,,,,,,,,,,,,,,,,,,,,,,,,,,,,,,,,,,,,,,,,,,,,,,,,,,,,,,,,,,,,,0.0043,,,,,,,,,,,,,,,,,,,,,,,,,,,,,,,,,,,,,,,,,,,,,,,,,,,,,,,,,,,,,,,,,,,,,,,,,,,,,,,,,,,,,,,,,,,,,,,,,,,,,,,,,,,,,,,,,,,,,,,,,,,,,,,,,,,,,,,,,,,,,,,,,,,,,,,,,,,,,,,,,,,,,,,,,,,,,,,,,,,,,,,,,,,,,,,,,,,,,,,,,,,,,,,,,,,,,,,,,,,,,,,,,,,,,,,,,,,,,,,,,,,,,,,,,,,,,,,,,,,,,,,,,,,,,,,,,,,,,,,,,,,,,,,,,,,,,,,,,,,,,,,,,,,,,,,,,,,,,,,,,,,,,,,,,,,,,,,,,,,,,,,,,,,,,,,,,,,,,,,,,,,,,,,,,,,,,,,,,,,,,,,,,,,,,,,,,0.0062,,,,,,,,,,,,,,,,,,,,,,,,,,,,,,,,,,,,,,,,,,,,,,,,,,,,,,,,,,,,,,,,,,,,,,,,,,,,,,,,,,,,,,,,,,,,,,,,,,,,,,,,,,,,,,,,,,,,,,,,,,,,,,,,,,,,,,,,,,,,,,,,,,,,,,,,,,,,,,,,,,,,,,,,,,,,,,,,,,,,,,,,,,,,,,,,,,,,,,,,,,,,,,,,,,,,,,,,,,,,,,,,,,,,,,,,,,,,,,,,,,,,,,,,,,,,,,,,,,,,,,,,,,,,,,,,,,,,,,,,,,,,,,,,,,,,,,,,,,,,,,,,,,,,,,,,,,,,,,,,,,,,,,,,,,,,,,,,,,,,,,,,,,,,,,,,,,,,,,,,,
,,,,,Basic earnings (loss) per share from discontinued operations,,,,,,,,,,,,,,,,,,,,,,,,,,,,,,,,,,,,,,,,,,,,,,,,,,,,,,,,,,,,,,,,,,,,,,,,,,,,,,,,,,,,,,,,,,,,,,,,,,,,,,,,,,,,,,,,,,,,,,,,,,,,,,,,,,,,,,,,,,,,,,,,,,,,,,,,,,,,,,,,,,,,,,,,,,,,,,,,,,,,,,,,,,,,,,,,,,,,,,,,,,,,,,,,,,,,,,,,,,,,,,,,,,,,,,,,,,,,,,,,,,,,,,,,,,,,,,,,,,,,,,,,,,,,,,,,,,,,,,,,,,,,,,,,,,,,,,,,,,,,,,,,,,,,,,,,,,,,,,,,,,,,,,,,,,,,,,,,,,,,,,,,,,,,,,,,,,,,,,,,,,,,,,,,,,,,,,,,,,,,,,,,,,,,,,,,,,,,,,,,,,,,,,,,,,,,,,,,,,,,,,,,,,,,,,,,,,,,,,,,,,,,,,,,,,,,,,,,,,,,,,,,,,,,,,,,,,,,,,,,,,,,,,,,,,,,,,,,,,,,,,,,,,,,,,,,,,,,,,,,,,,,,,,,,,,,,,,,,,,,,,,,,,,,,,,,,,,,,,,,,,,,,,,,,,,,,,,,,,,,,,,,,,,,,,,,,,,,,,,,,,,,,,,,,,,,,,,,,,,,,,,,,,,,,,,,,,,,,,,,,,,,,,,,,,,,,,,,,,,,,,,,,,,,,,,,,,,,,,,,,,,,,,,,,,,,,,,,,,,,,,,,,,,,,,,,,,,,,,,,,,,,,,,,,,,,,,,,,,,,,,,,,,,,,,,,,,,,,,,,,,,,,,,,,,,,,,,,,,,,,,,,,,,,,,,,,,,,,,,,,,,,,,,,,,,,,,,,,,,,
,,,,,Basic earnings (loss) per share,,,,,,,,,,,,,,,,,,,,,,,,,,,,,,,,,,,,,,,,,,,,,,,,,,,,,,,,,,,,,,,,,,0.0043,,,,,,,,,,,,,,,,,,,,,,,,,,,,,,,,,,,,,,,,,,,,,,,,,,,,,,,,,,,,,,,,,,,,,,,,,,,,,,,,,,,,,,,,,,,,,,,,,,,,,,,,,,,,,,,,,,,,,,,,,,,,,,,,,,,,,,,,,,,,,,,,,,,,,,,,,,,,,,,,,,,,,,,,,,,,,,,,,,,,,,,,,,,,,,,,,,,,,,,,,,,,,,,,,,,,,,,,,,,,,,,,,,,,,,,,,,,,,,,,,,,,,,,,,,,,,,,,,,,,,,,,,,,,,,,,,,,,,,,,,,,,,,,,,,,,,,,,,,,,,,,,,,,,,,,,,,,,,,,,,,,,,,,,,,,,,,,,,,,,,,,,,,,,,,,,,,,,,,,,,,,,,,,,,,,,,,,,,,,,,,,,,,,,,,,,,0.0062,,,,,,,,,,,,,,,,,,,,,,,,,,,,,,,,,,,,,,,,,,,,,,,,,,,,,,,,,,,,,,,,,,,,,,,,,,,,,,,,,,,,,,,,,,,,,,,,,,,,,,,,,,,,,,,,,,,,,,,,,,,,,,,,,,,,,,,,,,,,,,,,,,,,,,,,,,,,,,,,,,,,,,,,,,,,,,,,,,,,,,,,,,,,,,,,,,,,,,,,,,,,,,,,,,,,,,,,,,,,,,,,,,,,,,,,,,,,,,,,,,,,,,,,,,,,,,,,,,,,,,,,,,,,,,,,,,,,,,,,,,,,,,,,,,,,,,,,,,,,,,,,,,,,,,,,,,,,,,,,,,,,,,,,,,,,,,,,,,,,,,,,,,,,,,,,,,,,,,,,,
,,,,Diluted earnings per share [abstract],,,,,,,,,,,,,,,,,,,,,,,,,,,,,,,,,,,,,,,,,,,,,,,,,,,,,,,,,,,,,,,,,,,,,,,,,,,,,,,,,,,,,,,,,,,,,,,,,,,,,,,,,,,,,,,,,,,,,,,,,,,,,,,,,,,,,,,,,,,,,,,,,,,,,,,,,,,,,,,,,,,,,,,,,,,,,,,,,,,,,,,,,,,,,,,,,,,,,,,,,,,,,,,,,,,,,,,,,,,,,,,,,,,,,,,,,,,,,,,,,,,,,,,,,,,,,,,,,,,,,,,,,,,,,,,,,,,,,,,,,,,,,,,,,,,,,,,,,,,,,,,,,,,,,,,,,,,,,,,,,,,,,,,,,,,,,,,,,,,,,,,,,,,,,,,,,,,,,,,,,,,,,,,,,,,,,,,,,,,,,,,,,,,,,,,,,,,,,,,,,,,,,,,,,,,,,,,,,,,,,,,,,,,,,,,,,,,,,,,,,,,,,,,,,,,,,,,,,,,,,,,,,,,,,,,,,,,,,,,,,,,,,,,,,,,,,,,,,,,,,,,,,,,,,,,,,,,,,,,,,,,,,,,,,,,,,,,,,,,,,,,,,,,,,,,,,,,,,,,,,,,,,,,,,,,,,,,,,,,,,,,,,,,,,,,,,,,,,,,,,,,,,,,,,,,,,,,,,,,,,,,,,,,,,,,,,,,,,,,,,,,,,,,,,,,,,,,,,,,,,,,,,,,,,,,,,,,,,,,,,,,,,,,,,,,,,,,,,,,,,,,,,,,,,,,,,,,,,,,,,,,,,,,,,,,,,,,,,,,,,,,,,,,,,,,,,,,,,,,,,,,,,,,,,,,,,,,,,,,,,,,,,,,,,,,,,,,,,,,,,,,,,,,,,,,,,,,,,,,,,
,,,,,Diluted earnings (loss) per share from continuing operations,,,,,,,,,,,,,,,,,,,,,,,,,,,,,,,,,,,,,,,,,,,,,,,,,,,,,,,,,,,,,,,,,,,,,,,,,,,,,,,,,,,,,,,,,,,,,,,,,,,,,,,,,,,,,,,,,,,,,,,,,,,,,,,,,,,,,,,,,,,,,,,,,,,,,,,,,,,,,,,,,,,,,,,,,,,,,,,,,,,,,,,,,,,,,,,,,,,,,,,,,,,,,,,,,,,,,,,,,,,,,,,,,,,,,,,,,,,,,,,,,,,,,,,,,,,,,,,,,,,,,,,,,,,,,,,,,,,,,,,,,,,,,,,,,,,,,,,,,,,,,,,,,,,,,,,,,,,,,,,,,,,,,,,,,,,,,,,,,,,,,,,,,,,,,,,,,,,,,,,,,,,,,,,,,,,,,,,,,,,,,,,,,,,,,,,,,,,,,,,,,,,,,,,,,,,,,,,,,,,,,,,,,,,,,,,,,,,,,,,,,,,,,,,,,,,,,,,,,,,,,,,,,,,,,,,,,,,,,,,,,,,,,,,,,,,,,,,,,,,,,,,,,,,,,,,,,,,,,,,,,,,,,,,,,,,,,,,,,,,,,,,,,,,,,,,,,,,,,,,,,,,,,,,,,,,,,,,,,,,,,,,,,,,,,,,,,,,,,,,,,,,,,,,,,,,,,,,,,,,,,,,,,,,,,,,,,,,,,,,,,,,,,,,,,,,,,,,,,,,,,,,,,,,,,,,,,,,,,,,,,,,,,,,,,,,,,,,,,,,,,,,,,,,,,,,,,,,,,,,,,,,,,,,,,,,,,,,,,,,,,,,,,,,,,,,,,,,,,,,,,,,,,,,,,,,,,,,,,,,,,,,,,,,,,,,,,,,,,,,,,,,,,,,,,,,,,,,,,,,,
,,,,,Diluted earnings (loss) per share from discontinued operations,,,,,,,,,,,,,,,,,,,,,,,,,,,,,,,,,,,,,,,,,,,,,,,,,,,,,,,,,,,,,,,,,,,,,,,,,,,,,,,,,,,,,,,,,,,,,,,,,,,,,,,,,,,,,,,,,,,,,,,,,,,,,,,,,,,,,,,,,,,,,,,,,,,,,,,,,,,,,,,,,,,,,,,,,,,,,,,,,,,,,,,,,,,,,,,,,,,,,,,,,,,,,,,,,,,,,,,,,,,,,,,,,,,,,,,,,,,,,,,,,,,,,,,,,,,,,,,,,,,,,,,,,,,,,,,,,,,,,,,,,,,,,,,,,,,,,,,,,,,,,,,,,,,,,,,,,,,,,,,,,,,,,,,,,,,,,,,,,,,,,,,,,,,,,,,,,,,,,,,,,,,,,,,,,,,,,,,,,,,,,,,,,,,,,,,,,,,,,,,,,,,,,,,,,,,,,,,,,,,,,,,,,,,,,,,,,,,,,,,,,,,,,,,,,,,,,,,,,,,,,,,,,,,,,,,,,,,,,,,,,,,,,,,,,,,,,,,,,,,,,,,,,,,,,,,,,,,,,,,,,,,,,,,,,,,,,,,,,,,,,,,,,,,,,,,,,,,,,,,,,,,,,,,,,,,,,,,,,,,,,,,,,,,,,,,,,,,,,,,,,,,,,,,,,,,,,,,,,,,,,,,,,,,,,,,,,,,,,,,,,,,,,,,,,,,,,,,,,,,,,,,,,,,,,,,,,,,,,,,,,,,,,,,,,,,,,,,,,,,,,,,,,,,,,,,,,,,,,,,,,,,,,,,,,,,,,,,,,,,,,,,,,,,,,,,,,,,,,,,,,,,,,,,,,,,,,,,,,,,,,,,,,,,,,,,,,,,,,,,,,,,,,,,,,,,,,,,,,,,,
,,,,,Diluted earnings (loss) per share,,,,,,,,,,,,,,,,,,,,,,,,,,,,,,,,,,,,,,,,,,,,,,,,,,,,,,,,,,,,,,,,,,,,,,,,,,,,,,,,,,,,,,,,,,,,,,,,,,,,,,,,,,,,,,,,,,,,,,,,,,,,,,,,,,,,,,,,,,,,,,,,,,,,,,,,,,,,,,,,,,,,,,,,,,,,,,,,,,,,,,,,,,,,,,,,,,,,,,,,,,,,,,,,,,,,,,,,,,,,,,,,,,,,,,,,,,,,,,,,,,,,,,,,,,,,,,,,,,,,,,,,,,,,,,,,,,,,,,,,,,,,,,,,,,,,,,,,,,,,,,,,,,,,,,,,,,,,,,,,,,,,,,,,,,,,,,,,,,,,,,,,,,,,,,,,,,,,,,,,,,,,,,,,,,,,,,,,,,,,,,,,,,,,,,,,,,,,,,,,,,,,,,,,,,,,,,,,,,,,,,,,,,,,,,,,,,,,,,,,,,,,,,,,,,,,,,,,,,,,,,,,,,,,,,,,,,,,,,,,,,,,,,,,,,,,,,,,,,,,,,,,,,,,,,,,,,,,,,,,,,,,,,,,,,,,,,,,,,,,,,,,,,,,,,,,,,,,,,,,,,,,,,,,,,,,,,,,,,,,,,,,,,,,,,,,,,,,,,,,,,,,,,,,,,,,,,,,,,,,,,,,,,,,,,,,,,,,,,,,,,,,,,,,,,,,,,,,,,,,,,,,,,,,,,,,,,,,,,,,,,,,,,,,,,,,,,,,,,,,,,,,,,,,,,,,,,,,,,,,,,,,,,,,,,,,,,,,,,,,,,,,,,,,,,,,,,,,,,,,,,,,,,,,,,,,,,,,,,,,,,,,,,,,,,,,,,,,,,,,,,,,,,,,,,,,,,,,,,,,
